student_id,school_id,school_belonging,peer_inclusivity,teacher_support,community_activities,small_school,school_context
1,94,1,1,1,1,1,Urban
2,68,0,0,1,0,1,Urban
3,77,1,1,1,1,1,Rural
4,7,0,0,1,1,0,Urban
5,102,1,0,0,1,1,Urban
6,67,1,0,1,1,0,Suburban
7,9,1,1,0,1,1,Suburban
8,78,0,1,1,1,0,Suburban
9,116,1,0,1,1,1,Urban
10,63,1,1,1,1,1,Urban
11,11,1,1,1,0,0,Urban
12,37,1,1,1,0,0,Urban
13,14,0,0,0,0,0,Urban
14,19,1,0,0,1,0,Rural
15,8,0,1,0,1,1,Suburban
16,7,1,1,0,0,0,Urban
17,59,0,0,0,0,0,Urban
18,63,1,0,1,0,1,Urban
19,7,1,1,0,1,0,Urban
20,120,1,1,1,1,1,Rural
21,55,1,0,1,1,1,Suburban
22,3,1,0,1,0,1,Urban
23,67,1,0,1,1,0,Suburban
24,18,0,0,1,0,1,Rural
25,45,1,1,0,1,0,Urban
26,97,1,1,1,0,1,Suburban
27,101,0,0,1,0,0,Urban
28,92,1,0,1,0,1,Urban
29,36,1,0,1,0,1,Suburban
30,16,1,0,1,1,0,Suburban
31,79,1,1,1,0,0,Suburban
32,29,1,1,1,0,1,Rural
33,59,1,0,1,1,0,Urban
34,18,1,0,0,1,1,Rural
35,49,1,0,0,0,1,Suburban
36,110,0,0,1,1,0,Suburban
37,46,1,0,1,1,1,Urban
38,83,0,1,1,0,0,Suburban
39,29,0,1,0,0,1,Rural
40,70,1,1,1,0,1,Rural
41,109,1,1,1,1,0,Suburban
42,50,1,1,0,0,0,Urban
43,122,1,1,1,0,1,Urban
44,111,1,1,1,1,0,Suburban
45,55,1,1,1,1,1,Suburban
46,27,0,1,0,0,0,Urban
47,7,1,1,0,1,0,Urban
48,91,1,1,0,0,0,Suburban
49,83,1,0,1,0,0,Suburban
50,81,1,1,1,1,1,Urban
51,41,1,1,0,1,0,Suburban
52,11,0,1,0,0,0,Urban
53,5,1,0,1,1,0,Rural
54,66,1,1,0,1,1,Suburban
55,111,1,0,1,0,0,Suburban
56,56,1,1,1,1,1,Urban
57,12,1,1,1,0,1,Urban
58,42,1,1,1,1,0,Suburban
59,106,0,1,0,1,0,Urban
60,116,0,0,1,0,1,Urban
61,75,1,0,1,0,1,Suburban
62,10,0,0,0,0,1,Urban
63,28,0,1,0,0,1,Urban
64,7,1,1,1,0,0,Urban
65,14,1,0,1,0,0,Urban
66,77,1,1,1,1,1,Rural
67,69,1,1,1,0,0,Urban
68,61,1,1,0,1,0,Rural
69,51,1,1,0,1,1,Suburban
70,42,1,0,1,0,0,Suburban
71,8,1,0,1,1,1,Suburban
72,50,1,0,1,0,0,Urban
73,1,1,1,0,0,0,Urban
74,69,1,1,1,1,0,Urban
75,11,1,1,1,0,0,Urban
76,116,1,1,1,1,1,Urban
77,107,1,1,1,1,0,Rural
78,48,1,0,1,1,1,Suburban
79,10,1,0,1,1,1,Urban
80,15,1,1,0,1,0,Suburban
81,103,0,0,0,0,0,Urban
82,47,1,0,0,0,0,Urban
83,93,1,1,1,1,1,Suburban
84,25,1,0,1,0,0,Suburban
85,112,1,1,1,0,0,Suburban
86,6,1,1,1,0,0,Rural
87,11,1,1,0,1,0,Urban
88,17,1,0,1,0,0,Urban
89,15,1,1,1,1,0,Suburban
90,16,1,1,0,0,0,Suburban
91,56,1,1,0,0,1,Urban
92,66,1,1,1,0,1,Suburban
93,36,1,0,1,0,1,Suburban
94,83,0,0,1,1,0,Suburban
95,38,1,1,1,0,0,Suburban
96,114,1,1,1,0,1,Suburban
97,85,1,1,1,1,0,Urban
98,75,1,1,0,0,1,Suburban
99,105,1,1,1,0,1,Rural
100,3,1,1,1,0,1,Urban
101,98,1,1,1,1,0,Rural
102,18,1,0,1,1,1,Rural
103,79,1,0,0,0,0,Suburban
104,89,1,1,1,0,1,Suburban
105,54,1,1,1,0,1,Urban
106,114,1,0,1,0,1,Suburban
107,115,1,1,0,1,1,Urban
108,79,0,0,1,1,0,Suburban
109,94,1,0,0,0,1,Urban
110,17,1,1,1,1,0,Urban
111,82,1,1,1,0,1,Rural
112,95,0,0,1,0,1,Urban
113,114,1,1,0,0,1,Suburban
114,107,0,1,0,0,0,Rural
115,82,0,0,1,1,1,Rural
116,119,1,1,1,0,1,Rural
117,99,1,1,1,0,0,Suburban
118,13,1,0,1,1,1,Rural
119,63,0,1,1,1,1,Urban
120,14,1,1,0,1,0,Urban
121,59,0,0,0,1,0,Urban
122,36,0,1,1,0,1,Suburban
123,18,0,0,1,1,1,Rural
124,5,1,0,0,1,0,Rural
125,14,1,1,0,1,0,Urban
126,25,1,1,1,1,0,Suburban
127,44,1,1,1,0,1,Rural
128,121,1,1,1,1,1,Rural
129,39,1,1,1,0,1,Urban
130,12,0,0,1,0,1,Urban
131,104,1,1,1,0,1,Urban
132,61,1,1,1,1,0,Rural
133,62,1,0,1,0,0,Rural
134,53,1,1,1,1,1,Suburban
135,53,1,0,1,0,1,Suburban
136,28,0,1,0,1,1,Urban
137,35,1,1,0,0,1,Suburban
138,118,1,0,1,1,0,Urban
139,65,1,0,1,1,0,Rural
140,3,1,0,0,0,1,Urban
141,43,1,0,1,0,0,Urban
142,50,1,0,1,1,0,Urban
143,71,0,1,1,1,1,Rural
144,9,1,1,1,1,1,Suburban
145,36,1,0,1,0,1,Suburban
146,23,0,0,0,1,0,Urban
147,88,0,0,1,0,1,Urban
148,74,1,1,1,1,1,Urban
149,50,1,1,0,1,0,Urban
150,55,1,0,1,0,1,Suburban
151,112,0,1,1,1,0,Suburban
152,12,1,0,1,1,1,Urban
153,83,1,0,1,1,0,Suburban
154,32,1,1,1,0,0,Suburban
155,24,1,0,1,0,0,Urban
156,86,1,0,1,1,0,Suburban
157,67,1,1,1,0,0,Suburban
158,104,0,0,1,0,1,Urban
159,27,1,1,1,1,0,Urban
160,61,1,0,1,0,0,Rural
161,19,1,1,1,1,0,Rural
162,73,0,0,1,0,0,Urban
163,51,1,1,0,0,1,Suburban
164,64,0,1,1,1,0,Suburban
165,113,0,0,1,1,1,Urban
166,77,1,1,0,1,1,Rural
167,2,1,1,1,1,1,Urban
168,36,1,0,1,1,1,Suburban
169,93,1,0,0,0,1,Suburban
170,11,1,1,0,0,0,Urban
171,98,0,0,1,0,0,Rural
172,68,1,1,1,1,1,Urban
173,68,0,1,1,0,1,Urban
174,116,0,1,0,0,1,Urban
175,64,1,0,1,0,0,Suburban
176,1,1,0,1,0,0,Urban
177,89,0,0,0,0,1,Suburban
178,26,1,0,1,1,1,Suburban
179,11,0,1,0,0,0,Urban
180,87,1,1,1,1,1,Urban
181,2,1,1,1,1,1,Urban
182,83,1,1,1,0,0,Suburban
183,93,1,1,0,1,1,Suburban
184,40,1,0,1,0,0,Suburban
185,119,1,1,1,1,1,Rural
186,116,1,1,1,1,1,Urban
187,4,1,1,0,1,1,Suburban
188,121,0,0,0,1,1,Rural
189,80,0,0,1,0,0,Urban
190,111,1,1,1,0,0,Suburban
191,37,1,1,0,1,0,Urban
192,61,1,0,1,0,0,Rural
193,91,1,1,1,0,0,Suburban
194,5,0,0,1,0,0,Rural
195,15,0,0,0,1,0,Suburban
196,87,1,1,1,0,1,Urban
197,113,1,1,1,1,1,Urban
198,67,1,0,1,0,0,Suburban
199,82,1,1,1,0,1,Rural
200,107,1,1,1,1,0,Rural
201,26,1,0,1,0,1,Suburban
202,6,0,0,1,1,0,Rural
203,44,1,0,1,0,1,Rural
204,118,1,0,1,0,0,Urban
205,58,0,1,0,0,0,Urban
206,81,1,1,0,1,1,Urban
207,46,0,0,0,1,1,Urban
208,102,0,1,1,1,1,Urban
209,42,1,1,1,0,0,Suburban
210,48,1,0,1,1,1,Suburban
211,114,1,1,0,0,1,Suburban
212,27,0,1,0,1,0,Urban
213,20,1,1,0,1,0,Urban
214,70,1,1,1,1,1,Rural
215,115,0,1,1,0,1,Urban
216,35,1,1,1,1,1,Suburban
217,76,0,1,1,0,1,Rural
218,48,1,0,1,1,1,Suburban
219,67,1,0,0,0,0,Suburban
220,112,1,1,1,0,0,Suburban
221,68,1,0,1,0,1,Urban
222,121,1,1,1,0,1,Rural
223,52,1,1,0,0,1,Urban
224,109,1,0,1,1,0,Suburban
225,68,1,1,1,1,1,Urban
226,4,1,0,0,1,1,Suburban
227,39,1,1,1,1,1,Urban
228,21,1,0,1,0,1,Suburban
229,108,0,1,1,1,1,Suburban
230,66,1,0,1,0,1,Suburban
231,16,0,1,0,1,0,Suburban
232,7,0,0,0,0,0,Urban
233,83,1,1,1,0,0,Suburban
234,107,1,1,1,0,0,Rural
235,97,1,0,1,0,1,Suburban
236,9,1,1,1,0,1,Suburban
237,101,0,0,1,0,0,Urban
238,122,1,0,1,1,1,Urban
239,17,1,1,1,1,0,Urban
240,91,0,0,0,0,0,Suburban
241,97,1,1,1,0,1,Suburban
242,113,1,0,1,1,1,Urban
243,12,1,1,1,0,1,Urban
244,57,0,1,0,1,0,Rural
245,45,1,0,1,0,0,Urban
246,120,0,0,1,1,1,Rural
247,11,1,1,1,1,0,Urban
248,13,1,0,0,1,1,Rural
249,31,1,1,1,1,1,Urban
250,77,0,1,0,0,1,Rural
251,102,0,1,0,0,1,Urban
252,26,1,1,0,1,1,Suburban
253,63,1,1,1,1,1,Urban
254,31,1,1,1,0,1,Urban
255,22,1,0,1,1,0,Urban
256,6,0,0,0,0,0,Rural
257,20,1,0,1,0,0,Urban
258,85,1,1,1,1,0,Urban
259,10,0,1,1,0,1,Urban
260,83,0,0,1,1,0,Suburban
261,35,1,0,1,0,1,Suburban
262,26,0,1,1,0,1,Suburban
263,71,0,0,1,1,1,Rural
264,37,0,0,0,1,0,Urban
265,8,0,0,1,0,1,Suburban
266,5,1,0,1,0,0,Rural
267,44,1,0,1,0,1,Rural
268,100,1,1,1,0,0,Suburban
269,115,1,0,0,1,1,Urban
270,92,1,0,1,1,1,Urban
271,114,1,1,1,0,1,Suburban
272,67,1,1,1,0,0,Suburban
273,103,0,1,0,1,0,Urban
274,72,1,0,1,1,0,Suburban
275,79,1,0,0,1,0,Suburban
276,117,1,1,1,1,1,Suburban
277,91,1,1,1,0,0,Suburban
278,49,1,1,1,0,1,Suburban
279,115,0,0,0,1,1,Urban
280,36,1,0,1,1,1,Suburban
281,80,0,0,0,0,0,Urban
282,26,1,1,1,0,1,Suburban
283,45,1,1,1,0,0,Urban
284,61,0,1,1,1,0,Rural
285,44,1,1,0,0,1,Rural
286,4,1,0,1,0,1,Suburban
287,76,0,0,0,1,1,Rural
288,81,0,0,0,0,1,Urban
289,58,0,0,0,0,0,Urban
290,105,1,1,1,0,1,Rural
291,108,1,0,1,0,1,Suburban
292,26,0,0,0,0,1,Suburban
293,95,1,0,1,1,1,Urban
294,79,1,1,1,1,0,Suburban
295,116,1,1,1,0,1,Urban
296,98,1,1,1,0,0,Rural
297,29,1,0,1,1,1,Rural
298,9,1,0,1,0,1,Suburban
299,78,1,1,1,0,0,Suburban
300,36,1,0,1,1,1,Suburban
301,4,1,0,1,0,1,Suburban
302,59,1,1,1,0,0,Urban
303,102,0,1,1,0,1,Urban
304,120,1,0,1,0,1,Rural
305,37,1,1,1,0,0,Urban
306,88,1,0,1,0,1,Urban
307,81,1,1,1,0,1,Urban
308,13,1,0,0,1,1,Rural
309,20,1,1,1,0,0,Urban
310,17,0,1,0,0,0,Urban
311,51,1,0,1,1,1,Suburban
312,91,1,1,1,1,0,Suburban
313,55,1,1,1,0,1,Suburban
314,33,0,1,1,0,0,Rural
315,21,1,0,1,0,1,Suburban
316,81,1,0,1,1,1,Urban
317,22,1,0,1,0,0,Urban
318,25,1,1,1,0,0,Suburban
319,67,1,1,1,0,0,Suburban
320,91,0,1,0,0,0,Suburban
321,91,1,1,1,0,0,Suburban
322,110,1,1,1,0,0,Suburban
323,12,1,1,1,1,1,Urban
324,15,1,1,1,1,0,Suburban
325,102,0,0,0,0,1,Urban
326,84,1,1,1,0,0,Urban
327,86,1,1,1,0,0,Suburban
328,2,0,0,0,0,1,Urban
329,4,1,1,1,1,1,Suburban
330,45,1,0,1,1,0,Urban
331,13,0,0,0,0,1,Rural
332,55,1,0,1,0,1,Suburban
333,32,0,1,1,0,0,Suburban
334,22,0,0,1,1,0,Urban
335,89,1,1,1,1,1,Suburban
336,91,1,1,1,1,0,Suburban
337,55,1,1,0,1,1,Suburban
338,17,1,0,1,0,0,Urban
339,70,1,1,0,1,1,Rural
340,107,1,1,0,1,0,Rural
341,51,1,0,1,1,1,Suburban
342,80,1,1,1,0,0,Urban
343,8,1,1,1,1,1,Suburban
344,61,1,1,0,1,0,Rural
345,97,1,1,0,1,1,Suburban
346,10,1,1,1,1,1,Urban
347,98,1,1,1,1,0,Rural
348,19,1,0,1,1,0,Rural
349,14,1,1,0,1,0,Urban
350,67,1,1,1,1,0,Suburban
351,55,0,0,1,0,1,Suburban
352,61,1,1,0,0,0,Rural
353,56,0,0,1,0,1,Urban
354,63,1,1,1,1,1,Urban
355,105,1,1,1,1,1,Rural
356,87,1,1,1,1,1,Urban
357,104,1,1,1,0,1,Urban
358,11,1,1,0,0,0,Urban
359,47,1,1,1,0,0,Urban
360,6,1,1,1,0,0,Rural
361,34,1,1,1,1,1,Urban
362,65,1,1,1,0,0,Rural
363,99,1,1,1,1,0,Suburban
364,89,0,1,0,1,1,Suburban
365,64,0,1,0,0,0,Suburban
366,93,1,0,1,1,1,Suburban
367,87,1,1,1,0,1,Urban
368,82,1,0,1,0,1,Rural
369,78,1,0,0,1,0,Suburban
370,81,1,1,1,1,1,Urban
371,66,1,0,0,0,1,Suburban
372,31,1,0,1,0,1,Urban
373,83,0,1,0,0,0,Suburban
374,96,0,1,0,0,0,Suburban
375,62,1,0,0,1,0,Rural
376,54,1,0,1,1,1,Urban
377,92,1,1,1,0,1,Urban
378,105,1,1,1,1,1,Rural
379,8,0,1,0,0,1,Suburban
380,42,1,1,1,0,0,Suburban
381,41,1,0,0,1,0,Suburban
382,59,1,1,0,1,0,Urban
383,40,1,1,1,1,0,Suburban
384,103,1,0,0,1,0,Urban
385,22,0,1,1,1,0,Urban
386,24,1,1,1,0,0,Urban
387,38,1,0,1,1,0,Suburban
388,2,1,0,1,1,1,Urban
389,41,0,1,0,0,0,Suburban
390,105,1,1,1,1,1,Rural
391,19,1,1,1,0,0,Rural
392,105,1,1,1,0,1,Rural
393,2,0,1,0,1,1,Urban
394,92,1,1,1,0,1,Urban
395,96,0,1,0,1,0,Suburban
396,62,1,1,1,0,0,Rural
397,83,1,1,1,1,0,Suburban
398,16,1,1,1,0,0,Suburban
399,94,0,1,1,0,1,Urban
400,22,0,1,0,0,0,Urban
401,14,1,1,1,1,0,Urban
402,116,0,0,0,1,1,Urban
403,56,1,1,1,1,1,Urban
404,65,1,0,1,0,0,Rural
405,45,1,0,0,0,0,Urban
406,54,1,1,0,0,1,Urban
407,66,1,1,1,1,1,Suburban
408,86,1,1,1,0,0,Suburban
409,46,1,1,1,1,1,Urban
410,33,1,0,1,1,0,Rural
411,79,0,1,0,0,0,Suburban
412,50,0,1,0,0,0,Urban
413,105,1,1,1,1,1,Rural
414,22,0,1,0,0,0,Urban
415,40,1,0,1,0,0,Suburban
416,39,1,1,1,0,1,Urban
417,105,1,1,1,1,1,Rural
418,41,1,0,1,1,0,Suburban
419,75,1,0,1,0,1,Suburban
420,68,1,1,1,0,1,Urban
421,7,1,1,1,0,0,Urban
422,85,1,1,1,1,0,Urban
423,71,1,1,0,0,1,Rural
424,4,1,1,1,0,1,Suburban
425,76,1,1,1,1,1,Rural
426,122,0,1,0,1,1,Urban
427,91,1,1,0,1,0,Suburban
428,59,1,0,0,1,0,Urban
429,81,1,1,1,0,1,Urban
430,84,1,1,1,0,0,Urban
431,95,1,1,1,0,1,Urban
432,26,1,0,1,0,1,Suburban
433,31,0,1,0,1,1,Urban
434,99,1,1,1,1,0,Suburban
435,73,1,0,1,1,0,Urban
436,69,0,0,1,0,0,Urban
437,52,1,0,1,1,1,Urban
438,112,0,1,0,1,0,Suburban
439,72,1,1,1,0,0,Suburban
440,21,1,0,1,1,1,Suburban
441,16,1,0,1,0,0,Suburban
442,51,1,1,1,0,1,Suburban
443,16,1,1,1,1,0,Suburban
444,18,0,1,1,1,1,Rural
445,47,0,0,1,0,0,Urban
446,56,0,1,0,0,1,Urban
447,28,0,1,0,1,1,Urban
448,82,1,1,0,1,1,Rural
449,78,1,1,0,1,0,Suburban
450,56,1,1,1,0,1,Urban
451,112,1,1,1,0,0,Suburban
452,37,1,0,1,0,0,Urban
453,104,1,1,0,0,1,Urban
454,16,1,1,0,0,0,Suburban
455,85,1,1,0,0,0,Urban
456,65,1,1,1,1,0,Rural
457,60,1,1,0,0,0,Urban
458,61,1,1,1,1,0,Rural
459,11,1,1,1,0,0,Urban
460,75,1,1,1,0,1,Suburban
461,66,1,1,1,0,1,Suburban
462,32,1,0,1,0,0,Suburban
463,118,0,1,1,0,0,Urban
464,19,1,0,1,1,0,Rural
465,56,1,1,1,1,1,Urban
466,5,0,0,0,0,0,Rural
467,3,1,0,1,0,1,Urban
468,28,1,1,1,1,1,Urban
469,90,0,1,0,1,0,Suburban
470,87,0,1,0,0,1,Urban
471,94,1,1,1,1,1,Urban
472,72,1,0,1,1,0,Suburban
473,100,1,0,1,1,0,Suburban
474,29,1,0,1,1,1,Rural
475,77,1,1,1,1,1,Rural
476,59,1,0,0,1,0,Urban
477,25,1,0,1,0,0,Suburban
478,22,0,1,0,1,0,Urban
479,110,1,1,0,1,0,Suburban
480,97,1,0,0,1,1,Suburban
481,101,0,1,1,1,0,Urban
482,117,1,0,0,0,1,Suburban
483,71,1,1,1,0,1,Rural
484,23,1,0,1,0,0,Urban
485,70,1,1,1,0,1,Rural
486,79,1,1,1,0,0,Suburban
487,79,1,1,0,1,0,Suburban
488,40,1,0,1,0,0,Suburban
489,98,1,0,1,1,0,Rural
490,14,1,1,1,1,0,Urban
491,29,1,1,1,0,1,Rural
492,16,1,0,1,0,0,Suburban
493,93,0,1,0,1,1,Suburban
494,87,1,0,1,1,1,Urban
495,10,1,1,1,1,1,Urban
496,47,1,1,1,1,0,Urban
497,119,1,1,1,1,1,Rural
498,4,1,1,1,1,1,Suburban
499,12,1,0,1,1,1,Urban
500,42,1,1,0,1,0,Suburban
501,98,1,1,1,1,0,Rural
502,4,1,0,1,0,1,Suburban
503,84,1,1,1,1,0,Urban
504,92,1,1,0,0,1,Urban
505,92,1,0,1,1,1,Urban
506,6,0,0,1,0,0,Rural
507,14,0,1,0,0,0,Urban
508,119,1,0,1,0,1,Rural
509,35,1,0,1,0,1,Suburban
510,47,1,1,1,0,0,Urban
511,58,1,1,1,1,0,Urban
512,65,1,0,1,0,0,Rural
513,19,0,0,1,0,0,Rural
514,57,1,1,1,0,0,Rural
515,65,1,0,1,1,0,Rural
516,13,0,0,1,0,1,Rural
517,8,0,1,0,0,1,Suburban
518,18,1,1,0,0,1,Rural
519,118,1,1,0,1,0,Urban
520,35,0,0,1,0,1,Suburban
521,87,1,1,1,0,1,Urban
522,114,1,1,1,0,1,Suburban
523,116,1,0,1,1,1,Urban
524,26,0,0,0,0,1,Suburban
525,105,1,1,1,1,1,Rural
526,38,1,0,1,0,0,Suburban
527,84,1,1,1,0,0,Urban
528,66,0,0,1,0,1,Suburban
529,26,0,1,1,0,1,Suburban
530,57,1,1,1,0,0,Rural
531,100,0,0,1,0,0,Suburban
532,25,0,1,0,0,0,Suburban
533,30,1,1,1,1,0,Urban
534,82,1,0,0,1,1,Rural
535,7,0,0,0,0,0,Urban
536,27,1,0,1,1,0,Urban
537,11,0,0,0,1,0,Urban
538,101,1,1,1,1,0,Urban
539,8,1,1,0,0,1,Suburban
540,11,1,1,1,1,0,Urban
541,88,1,1,1,0,1,Urban
542,30,1,0,1,1,0,Urban
543,94,1,1,1,0,1,Urban
544,116,0,1,0,0,1,Urban
545,116,1,1,1,0,1,Urban
546,15,1,0,1,0,0,Suburban
547,56,1,1,1,1,1,Urban
548,35,0,1,0,0,1,Suburban
549,39,1,1,1,1,1,Urban
550,24,1,0,1,0,0,Urban
551,8,1,1,1,0,1,Suburban
552,43,1,0,0,1,0,Urban
553,42,1,0,1,1,0,Suburban
554,84,1,1,1,0,0,Urban
555,41,1,0,1,0,0,Suburban
556,47,1,0,0,1,0,Urban
557,26,1,0,1,0,1,Suburban
558,52,1,1,1,1,1,Urban
559,88,1,1,1,1,1,Urban
560,22,0,0,0,0,0,Urban
561,5,1,1,0,0,0,Rural
562,15,1,0,1,0,0,Suburban
563,36,1,0,1,0,1,Suburban
564,101,0,0,1,1,0,Urban
565,63,1,1,1,1,1,Urban
566,93,1,1,1,1,1,Suburban
567,79,1,0,1,1,0,Suburban
568,91,1,0,1,0,0,Suburban
569,49,1,1,0,1,1,Suburban
570,55,1,0,1,0,1,Suburban
571,72,1,0,1,1,0,Suburban
572,60,1,1,1,0,0,Urban
573,57,1,1,1,1,0,Rural
574,29,0,1,1,1,1,Rural
575,19,1,1,1,0,0,Rural
576,95,1,1,1,0,1,Urban
577,73,0,0,0,1,0,Urban
578,10,0,1,0,0,1,Urban
579,101,1,1,1,1,0,Urban
580,10,1,1,1,1,1,Urban
581,118,1,1,1,0,0,Urban
582,97,1,0,1,0,1,Suburban
583,89,1,1,1,1,1,Suburban
584,57,1,1,0,0,0,Rural
585,54,0,0,0,0,1,Urban
586,56,1,1,0,1,1,Urban
587,68,1,1,1,1,1,Urban
588,117,0,1,0,0,1,Suburban
589,69,1,1,0,0,0,Urban
590,87,1,1,1,1,1,Urban
591,103,1,1,1,1,0,Urban
592,55,1,1,0,1,1,Suburban
593,69,0,0,1,0,0,Urban
594,116,1,1,1,1,1,Urban
595,72,1,1,1,1,0,Suburban
596,81,1,0,1,1,1,Urban
597,1,1,1,1,1,0,Urban
598,118,0,0,0,0,0,Urban
599,114,1,1,1,1,1,Suburban
600,12,0,0,1,0,1,Urban
601,35,1,1,1,0,1,Suburban
602,116,1,1,1,1,1,Urban
603,78,1,1,1,1,0,Suburban
604,112,1,0,1,1,0,Suburban
605,82,1,1,1,1,1,Rural
606,74,1,1,1,0,1,Urban
607,119,1,1,1,1,1,Rural
608,79,1,0,1,0,0,Suburban
609,106,1,1,1,1,0,Urban
610,33,1,0,1,0,0,Rural
611,83,1,1,0,1,0,Suburban
612,98,1,1,1,0,0,Rural
613,109,1,1,1,1,0,Suburban
614,25,1,1,1,1,0,Suburban
615,16,1,1,1,0,0,Suburban
616,8,1,1,0,1,1,Suburban
617,35,1,0,1,1,1,Suburban
618,85,1,1,1,1,0,Urban
619,83,1,1,1,1,0,Suburban
620,46,1,1,1,0,1,Urban
621,11,0,1,0,0,0,Urban
622,61,1,1,1,0,0,Rural
623,44,1,1,1,0,1,Rural
624,11,1,1,1,0,0,Urban
625,11,1,0,1,1,0,Urban
626,22,1,0,0,0,0,Urban
627,85,0,1,1,0,0,Urban
628,91,1,1,1,0,0,Suburban
629,82,0,0,1,1,1,Rural
630,62,1,1,1,1,0,Rural
631,106,0,1,1,0,0,Urban
632,48,1,1,1,1,1,Suburban
633,104,1,0,1,0,1,Urban
634,102,1,0,1,1,1,Urban
635,94,1,1,1,1,1,Urban
636,63,1,1,0,0,1,Urban
637,51,1,1,1,1,1,Suburban
638,45,0,0,1,1,0,Urban
639,111,1,1,1,0,0,Suburban
640,109,1,1,1,1,0,Suburban
641,33,1,0,1,0,0,Rural
642,85,1,1,0,0,0,Urban
643,60,1,0,1,0,0,Urban
644,2,1,1,1,0,1,Urban
645,13,0,1,1,0,1,Rural
646,66,1,1,1,1,1,Suburban
647,57,1,0,1,0,0,Rural
648,43,0,0,0,0,0,Urban
649,45,1,0,1,1,0,Urban
650,31,1,1,1,1,1,Urban
651,10,1,0,1,1,1,Urban
652,23,1,1,1,1,0,Urban
653,86,1,1,1,1,0,Suburban
654,111,1,0,1,1,0,Suburban
655,29,1,1,1,1,1,Rural
656,97,1,1,1,1,1,Suburban
657,31,1,1,1,0,1,Urban
658,78,1,1,1,0,0,Suburban
659,74,1,1,1,1,1,Urban
660,18,1,1,1,0,1,Rural
661,11,1,1,1,0,0,Urban
662,103,1,0,1,1,0,Urban
663,47,1,0,1,1,0,Urban
664,3,1,1,0,0,1,Urban
665,2,1,1,1,1,1,Urban
666,54,1,1,1,1,1,Urban
667,72,1,1,1,1,0,Suburban
668,31,1,1,1,1,1,Urban
669,8,1,0,1,1,1,Suburban
670,43,1,1,1,1,0,Urban
671,48,1,1,1,0,1,Suburban
672,2,1,1,1,1,1,Urban
673,22,1,1,1,1,0,Urban
674,5,0,0,0,1,0,Rural
675,7,1,0,1,1,0,Urban
676,20,0,1,1,0,0,Urban
677,92,1,0,1,1,1,Urban
678,77,1,1,1,0,1,Rural
679,2,1,0,1,0,1,Urban
680,32,1,0,1,0,0,Suburban
681,90,1,1,1,0,0,Suburban
682,3,1,1,1,1,1,Urban
683,41,0,1,0,0,0,Suburban
684,42,0,1,0,0,0,Suburban
685,120,1,0,1,1,1,Rural
686,77,1,1,1,0,1,Rural
687,121,1,1,1,0,1,Rural
688,85,1,0,1,0,0,Urban
689,45,0,0,1,0,0,Urban
690,101,1,1,1,0,0,Urban
691,87,0,1,0,0,1,Urban
692,71,1,1,1,1,1,Rural
693,17,1,1,1,0,0,Urban
694,92,0,0,1,0,1,Urban
695,47,1,1,0,1,0,Urban
696,94,1,1,1,0,1,Urban
697,69,1,1,1,1,0,Urban
698,24,1,1,1,0,0,Urban
699,71,0,0,0,0,1,Rural
700,34,1,0,1,1,1,Urban
701,120,1,1,0,0,1,Rural
702,50,1,1,1,0,0,Urban
703,42,1,1,1,1,0,Suburban
704,33,1,0,1,0,0,Rural
705,27,0,0,1,1,0,Urban
706,78,1,1,1,1,0,Suburban
707,59,1,0,0,0,0,Urban
708,19,1,0,1,1,0,Rural
709,112,1,1,1,1,0,Suburban
710,115,1,0,1,1,1,Urban
711,102,1,1,1,1,1,Urban
712,76,1,1,1,1,1,Rural
713,3,1,1,1,0,1,Urban
714,71,1,1,1,1,1,Rural
715,120,1,1,1,0,1,Rural
716,99,0,0,0,0,0,Suburban
717,25,1,1,1,1,0,Suburban
718,113,0,0,0,0,1,Urban
719,15,1,1,1,1,0,Suburban
720,83,1,1,1,0,0,Suburban
721,60,1,1,1,1,0,Urban
722,83,1,1,1,0,0,Suburban
723,23,0,0,0,0,0,Urban
724,11,0,1,1,0,0,Urban
725,59,1,1,1,1,0,Urban
726,85,1,1,0,0,0,Urban
727,116,1,0,1,1,1,Urban
728,34,0,0,1,0,1,Urban
729,103,0,0,1,0,0,Urban
730,115,0,1,0,0,1,Urban
731,7,1,1,1,0,0,Urban
732,106,1,1,1,1,0,Urban
733,44,1,1,1,1,1,Rural
734,119,1,1,0,0,1,Rural
735,91,0,1,1,1,0,Suburban
736,64,1,1,1,1,0,Suburban
737,114,0,1,1,0,1,Suburban
738,23,1,0,0,0,0,Urban
739,102,1,1,0,1,1,Urban
740,58,1,1,0,0,0,Urban
741,20,1,0,1,0,0,Urban
742,27,1,1,1,0,0,Urban
743,117,1,0,1,1,1,Suburban
744,60,0,1,0,0,0,Urban
745,8,1,1,1,0,1,Suburban
746,101,0,0,1,0,0,Urban
747,67,0,0,0,0,0,Suburban
748,2,1,0,1,0,1,Urban
749,22,1,1,1,1,0,Urban
750,70,1,1,1,0,1,Rural
751,103,1,1,1,1,0,Urban
752,104,1,1,0,0,1,Urban
753,36,1,0,1,1,1,Suburban
754,108,1,1,1,1,1,Suburban
755,24,0,0,1,0,0,Urban
756,12,1,1,1,1,1,Urban
757,81,1,1,1,0,1,Urban
758,22,1,1,1,1,0,Urban
759,118,1,0,1,0,0,Urban
760,83,1,0,1,1,0,Suburban
761,73,1,0,1,1,0,Urban
762,76,1,0,1,1,1,Rural
763,96,0,0,0,1,0,Suburban
764,117,0,0,0,0,1,Suburban
765,95,1,1,0,1,1,Urban
766,81,1,1,1,1,1,Urban
767,23,1,1,1,1,0,Urban
768,74,1,0,1,0,1,Urban
769,63,0,0,1,1,1,Urban
770,30,1,1,1,0,0,Urban
771,19,1,0,1,1,0,Rural
772,26,0,0,0,0,1,Suburban
773,90,0,1,1,0,0,Suburban
774,11,1,1,1,1,0,Urban
775,20,1,0,0,0,0,Urban
776,118,1,1,1,1,0,Urban
777,56,1,0,0,1,1,Urban
778,45,0,1,0,0,0,Urban
779,68,0,0,0,0,1,Urban
780,47,0,0,1,1,0,Urban
781,76,0,0,1,0,1,Rural
782,89,1,1,1,1,1,Suburban
783,120,1,0,1,1,1,Rural
784,58,0,0,1,0,0,Urban
785,10,1,1,1,0,1,Urban
786,22,1,0,1,0,0,Urban
787,71,1,1,1,1,1,Rural
788,24,1,1,0,0,0,Urban
789,66,0,1,0,0,1,Suburban
790,96,1,1,1,1,0,Suburban
791,85,1,1,1,1,0,Urban
792,61,1,0,0,0,0,Rural
793,7,1,1,1,0,0,Urban
794,72,1,0,0,1,0,Suburban
795,117,0,1,0,1,1,Suburban
796,115,1,1,1,1,1,Urban
797,38,1,1,0,1,0,Suburban
798,21,1,0,1,1,1,Suburban
799,8,1,1,1,1,1,Suburban
800,121,1,0,1,1,1,Rural
801,89,1,0,1,1,1,Suburban
802,28,1,0,0,1,1,Urban
803,92,1,1,1,0,1,Urban
804,54,1,1,1,0,1,Urban
805,31,1,0,1,1,1,Urban
806,116,1,1,0,0,1,Urban
807,100,1,0,0,1,0,Suburban
808,89,0,1,0,0,1,Suburban
809,116,1,0,1,1,1,Urban
810,120,1,0,1,0,1,Rural
811,41,1,0,1,1,0,Suburban
812,37,1,1,1,1,0,Urban
813,38,0,0,1,0,0,Suburban
814,51,0,1,1,1,1,Suburban
815,76,1,1,1,0,1,Rural
816,37,0,0,0,0,0,Urban
817,101,0,0,1,0,0,Urban
818,31,1,0,1,0,1,Urban
819,62,1,0,1,1,0,Rural
820,18,1,1,0,0,1,Rural
821,90,1,1,0,1,0,Suburban
822,6,0,0,0,0,0,Rural
823,9,1,1,1,1,1,Suburban
824,11,0,1,0,0,0,Urban
825,95,1,1,1,1,1,Urban
826,119,1,1,1,1,1,Rural
827,110,1,1,0,1,0,Suburban
828,120,0,1,1,0,1,Rural
829,2,1,1,1,1,1,Urban
830,29,1,1,1,0,1,Rural
831,110,0,0,1,0,0,Suburban
832,121,1,1,0,0,1,Rural
833,51,1,1,1,0,1,Suburban
834,106,1,0,1,0,0,Urban
835,69,1,1,1,1,0,Urban
836,23,0,0,1,0,0,Urban
837,100,1,0,1,0,0,Suburban
838,7,1,1,1,0,0,Urban
839,56,1,1,1,1,1,Urban
840,77,1,0,1,1,1,Rural
841,106,0,0,0,0,0,Urban
842,62,1,1,1,1,0,Rural
843,74,0,0,1,1,1,Urban
844,100,1,1,1,0,0,Suburban
845,80,1,0,1,1,0,Urban
846,15,1,1,0,1,0,Suburban
847,53,1,0,0,1,1,Suburban
848,43,1,0,1,0,0,Urban
849,83,1,0,0,0,0,Suburban
850,85,1,1,1,0,0,Urban
851,120,1,1,1,1,1,Rural
852,35,1,1,1,1,1,Suburban
853,79,1,1,1,0,0,Suburban
854,112,1,1,1,0,0,Suburban
855,14,0,0,0,1,0,Urban
856,93,1,1,1,1,1,Suburban
857,69,1,1,0,1,0,Urban
858,122,1,0,0,1,1,Urban
859,49,1,0,1,1,1,Suburban
860,18,0,0,1,0,1,Rural
861,51,1,0,1,0,1,Suburban
862,1,0,1,0,0,0,Urban
863,27,1,1,1,1,0,Urban
864,64,1,0,1,0,0,Suburban
865,60,1,0,1,0,0,Urban
866,91,1,1,1,0,0,Suburban
867,89,1,0,1,0,1,Suburban
868,41,1,1,1,1,0,Suburban
869,21,0,1,1,0,1,Suburban
870,14,1,1,1,0,0,Urban
871,116,1,1,1,1,1,Urban
872,117,1,1,1,0,1,Suburban
873,20,0,1,1,1,0,Urban
874,92,1,0,1,1,1,Urban
875,85,1,1,1,1,0,Urban
876,87,1,1,1,1,1,Urban
877,11,1,0,1,0,0,Urban
878,120,0,0,1,1,1,Rural
879,66,1,0,1,0,1,Suburban
880,84,0,0,1,0,0,Urban
881,24,1,0,1,0,0,Urban
882,119,1,1,0,0,1,Rural
883,89,0,1,0,1,1,Suburban
884,37,0,1,0,0,0,Urban
885,86,1,1,0,1,0,Suburban
886,24,1,1,1,0,0,Urban
887,15,1,0,1,0,0,Suburban
888,12,1,1,1,1,1,Urban
889,110,1,1,1,0,0,Suburban
890,95,1,1,1,1,1,Urban
891,107,0,0,0,0,0,Rural
892,64,1,1,1,0,0,Suburban
893,31,0,0,1,0,1,Urban
894,53,1,1,1,1,1,Suburban
895,94,1,1,1,0,1,Urban
896,105,0,1,1,0,1,Rural
897,84,0,0,0,0,0,Urban
898,72,1,1,1,1,0,Suburban
899,44,1,0,0,1,1,Rural
900,30,1,1,1,1,0,Urban
901,35,1,1,0,0,1,Suburban
902,21,1,0,1,1,1,Suburban
903,111,1,0,1,1,0,Suburban
904,104,1,0,1,1,1,Urban
905,63,0,0,0,1,1,Urban
906,122,0,0,0,1,1,Urban
907,92,1,0,1,0,1,Urban
908,103,1,0,1,1,0,Urban
909,17,0,0,0,1,0,Urban
910,12,1,0,1,0,1,Urban
911,116,1,0,1,0,1,Urban
912,114,0,0,1,1,1,Suburban
913,18,1,1,1,0,1,Rural
914,111,0,0,0,1,0,Suburban
915,119,1,0,0,0,1,Rural
916,92,1,1,1,0,1,Urban
917,60,1,0,1,0,0,Urban
918,67,0,1,0,0,0,Suburban
919,115,0,1,1,0,1,Urban
920,15,0,0,0,0,0,Suburban
921,16,1,1,1,1,0,Suburban
922,22,0,0,1,1,0,Urban
923,118,0,0,0,0,0,Urban
924,113,1,1,1,1,1,Urban
925,95,1,1,1,1,1,Urban
926,63,1,1,1,1,1,Urban
927,31,1,0,1,1,1,Urban
928,1,1,0,1,0,0,Urban
929,75,1,0,0,0,1,Suburban
930,6,0,1,0,0,0,Rural
931,87,1,0,1,0,1,Urban
932,9,1,1,1,1,1,Suburban
933,52,0,0,1,0,1,Urban
934,80,1,1,1,1,0,Urban
935,62,0,0,1,1,0,Rural
936,58,0,1,0,1,0,Urban
937,102,1,0,1,1,1,Urban
938,108,0,1,0,0,1,Suburban
939,19,0,0,1,1,0,Rural
940,109,1,0,1,0,0,Suburban
941,13,1,1,1,1,1,Rural
942,32,1,0,1,1,0,Suburban
943,100,1,0,1,1,0,Suburban
944,9,1,1,0,0,1,Suburban
945,110,1,1,1,1,0,Suburban
946,110,0,0,0,0,0,Suburban
947,49,1,1,1,0,1,Suburban
948,37,1,1,0,1,0,Urban
949,31,0,1,1,0,1,Urban
950,31,1,0,0,1,1,Urban
951,59,1,1,1,0,0,Urban
952,55,0,0,0,1,1,Suburban
953,19,0,0,0,0,0,Rural
954,63,1,0,1,1,1,Urban
955,2,1,0,1,1,1,Urban
956,45,1,1,1,1,0,Urban
957,96,1,0,0,0,0,Suburban
958,43,1,1,1,1,0,Urban
959,98,0,1,1,0,0,Rural
960,1,1,1,1,0,0,Urban
961,85,1,1,1,0,0,Urban
962,61,0,0,0,1,0,Rural
963,3,1,0,1,0,1,Urban
964,91,1,1,1,1,0,Suburban
965,44,1,1,0,1,1,Rural
966,7,0,0,1,0,0,Urban
967,33,1,1,1,1,0,Rural
968,9,1,1,1,0,1,Suburban
969,30,1,1,1,1,0,Urban
970,18,0,0,1,0,1,Rural
971,56,1,0,0,1,1,Urban
972,90,1,1,1,0,0,Suburban
973,84,1,1,1,0,0,Urban
974,102,1,0,1,0,1,Urban
975,105,1,0,1,0,1,Rural
976,119,0,1,0,0,1,Rural
977,31,1,0,1,0,1,Urban
978,72,1,1,1,0,0,Suburban
979,63,1,1,1,1,1,Urban
980,87,1,0,1,1,1,Urban
981,50,1,1,1,1,0,Urban
982,89,0,0,1,1,1,Suburban
983,111,1,1,1,1,0,Suburban
984,1,0,1,0,1,0,Urban
985,110,1,0,1,0,0,Suburban
986,82,1,1,0,1,1,Rural
987,19,0,0,0,0,0,Rural
988,115,1,1,1,1,1,Urban
989,106,1,1,1,1,0,Urban
990,64,0,1,1,0,0,Suburban
991,116,1,0,1,1,1,Urban
992,53,1,1,0,0,1,Suburban
993,6,1,0,1,0,0,Rural
994,17,0,1,1,0,0,Urban
995,46,0,0,1,1,1,Urban
996,109,1,1,1,1,0,Suburban
997,72,1,0,1,1,0,Suburban
998,118,1,0,0,0,0,Urban
999,106,0,0,1,1,0,Urban
1000,73,0,0,0,1,0,Urban
1001,101,1,0,1,0,0,Urban
1002,55,1,0,1,1,1,Suburban
1003,91,1,1,1,0,0,Suburban
1004,100,1,1,1,0,0,Suburban
1005,6,1,0,1,0,0,Rural
1006,70,1,0,0,1,1,Rural
1007,109,1,0,0,0,0,Suburban
1008,68,1,1,1,0,1,Urban
1009,86,1,1,1,0,0,Suburban
1010,40,1,1,1,0,0,Suburban
1011,91,1,0,0,0,0,Suburban
1012,101,1,1,1,0,0,Urban
1013,66,1,1,0,1,1,Suburban
1014,9,1,1,1,0,1,Suburban
1015,11,1,1,1,1,0,Urban
1016,20,1,1,0,1,0,Urban
1017,116,1,1,1,0,1,Urban
1018,43,1,0,1,0,0,Urban
1019,103,1,1,1,1,0,Urban
1020,58,1,1,1,0,0,Urban
1021,78,1,1,1,0,0,Suburban
1022,26,1,1,1,0,1,Suburban
1023,38,1,1,0,1,0,Suburban
1024,94,1,1,1,1,1,Urban
1025,36,0,0,0,1,1,Suburban
1026,102,1,1,1,1,1,Urban
1027,99,1,0,1,0,0,Suburban
1028,55,1,0,1,0,1,Suburban
1029,6,1,0,1,0,0,Rural
1030,3,1,1,1,0,1,Urban
1031,65,1,1,0,0,0,Rural
1032,64,1,1,1,0,0,Suburban
1033,58,1,1,1,0,0,Urban
1034,117,1,0,1,0,1,Suburban
1035,58,1,1,0,0,0,Urban
1036,18,1,1,0,1,1,Rural
1037,23,0,0,1,1,0,Urban
1038,96,1,0,1,1,0,Suburban
1039,29,1,1,1,0,1,Rural
1040,23,1,1,1,0,0,Urban
1041,36,1,1,1,0,1,Suburban
1042,70,1,1,1,0,1,Rural
1043,81,1,1,1,0,1,Urban
1044,82,1,1,1,1,1,Rural
1045,95,1,1,1,1,1,Urban
1046,6,0,1,0,0,0,Rural
1047,34,1,1,0,0,1,Urban
1048,44,1,1,1,0,1,Rural
1049,44,1,1,1,0,1,Rural
1050,27,0,0,1,0,0,Urban
1051,100,0,0,1,0,0,Suburban
1052,112,1,1,0,0,0,Suburban
1053,52,1,1,1,0,1,Urban
1054,42,0,1,0,0,0,Suburban
1055,25,0,0,0,0,0,Suburban
1056,74,1,0,1,0,1,Urban
1057,39,1,1,1,1,1,Urban
1058,110,1,0,1,0,0,Suburban
1059,39,0,1,1,1,1,Urban
1060,12,1,1,1,1,1,Urban
1061,11,1,0,1,1,0,Urban
1062,113,1,0,0,1,1,Urban
1063,107,1,0,1,1,0,Rural
1064,117,0,0,1,1,1,Suburban
1065,3,1,1,1,0,1,Urban
1066,115,1,0,1,0,1,Urban
1067,22,0,1,1,1,0,Urban
1068,4,1,0,0,1,1,Suburban
1069,8,0,1,1,1,1,Suburban
1070,14,1,0,1,1,0,Urban
1071,84,1,1,1,1,0,Urban
1072,88,1,0,1,1,1,Urban
1073,14,0,1,0,1,0,Urban
1074,92,1,0,1,1,1,Urban
1075,16,1,1,0,1,0,Suburban
1076,32,1,1,1,1,0,Suburban
1077,64,1,1,1,1,0,Suburban
1078,111,1,1,1,1,0,Suburban
1079,76,0,0,1,0,1,Rural
1080,16,1,1,1,0,0,Suburban
1081,52,1,0,0,1,1,Urban
1082,19,1,1,1,1,0,Rural
1083,69,0,1,1,0,0,Urban
1084,12,1,0,1,0,1,Urban
1085,93,1,0,1,1,1,Suburban
1086,5,1,1,1,1,0,Rural
1087,42,1,1,1,1,0,Suburban
1088,122,1,0,1,1,1,Urban
1089,17,0,1,1,0,0,Urban
1090,111,0,0,1,0,0,Suburban
1091,72,0,0,1,0,0,Suburban
1092,104,1,0,1,1,1,Urban
1093,104,1,1,1,0,1,Urban
1094,94,0,0,0,1,1,Urban
1095,10,1,1,1,1,1,Urban
1096,84,1,1,1,1,0,Urban
1097,109,1,1,1,1,0,Suburban
1098,16,1,1,1,0,0,Suburban
1099,105,1,0,0,1,1,Rural
1100,16,1,0,1,0,0,Suburban
1101,42,0,0,0,0,0,Suburban
1102,3,1,1,0,0,1,Urban
1103,23,0,1,1,0,0,Urban
1104,86,1,1,1,1,0,Suburban
1105,121,1,0,1,1,1,Rural
1106,28,1,1,1,0,1,Urban
1107,110,1,0,1,0,0,Suburban
1108,45,1,1,1,1,0,Urban
1109,100,1,1,1,1,0,Suburban
1110,68,0,0,1,0,1,Urban
1111,102,1,1,1,1,1,Urban
1112,24,0,0,0,1,0,Urban
1113,19,1,0,1,1,0,Rural
1114,75,0,1,0,0,1,Suburban
1115,40,1,1,1,1,0,Suburban
1116,46,1,1,1,1,1,Urban
1117,40,1,0,1,1,0,Suburban
1118,62,1,1,1,1,0,Rural
1119,110,1,0,1,1,0,Suburban
1120,119,1,0,1,0,1,Rural
1121,103,0,0,0,1,0,Urban
1122,117,1,1,1,1,1,Suburban
1123,18,1,0,1,1,1,Rural
1124,12,1,0,0,0,1,Urban
1125,14,0,1,0,0,0,Urban
1126,111,1,1,1,1,0,Suburban
1127,82,1,0,1,1,1,Rural
1128,61,1,1,0,0,0,Rural
1129,108,1,0,1,1,1,Suburban
1130,106,1,1,1,0,0,Urban
1131,12,1,1,1,1,1,Urban
1132,104,0,0,0,1,1,Urban
1133,27,1,1,1,0,0,Urban
1134,6,1,1,0,1,0,Rural
1135,88,1,1,1,1,1,Urban
1136,115,1,1,0,0,1,Urban
1137,33,1,1,1,1,0,Rural
1138,109,1,1,1,0,0,Suburban
1139,118,0,0,0,1,0,Urban
1140,80,1,1,1,0,0,Urban
1141,50,1,0,1,0,0,Urban
1142,12,0,1,1,0,1,Urban
1143,95,1,0,1,0,1,Urban
1144,57,1,1,1,1,0,Rural
1145,101,1,0,1,0,0,Urban
1146,53,1,1,1,0,1,Suburban
1147,13,1,1,1,1,1,Rural
1148,122,1,1,1,0,1,Urban
1149,72,1,1,1,1,0,Suburban
1150,102,1,1,0,1,1,Urban
1151,3,1,1,1,1,1,Urban
1152,121,1,0,1,0,1,Rural
1153,64,1,1,0,0,0,Suburban
1154,122,0,1,1,1,1,Urban
1155,84,0,0,0,0,0,Urban
1156,58,1,0,0,0,0,Urban
1157,4,1,1,0,0,1,Suburban
1158,108,1,1,1,0,1,Suburban
1159,45,1,1,0,1,0,Urban
1160,66,1,0,0,1,1,Suburban
1161,115,1,0,1,1,1,Urban
1162,36,1,1,1,1,1,Suburban
1163,23,1,0,1,0,0,Urban
1164,109,0,0,1,0,0,Suburban
1165,19,1,1,1,1,0,Rural
1166,40,0,0,1,0,0,Suburban
1167,72,0,1,1,0,0,Suburban
1168,16,1,1,1,1,0,Suburban
1169,58,1,1,1,1,0,Urban
1170,107,1,1,1,0,0,Rural
1171,18,0,1,0,1,1,Rural
1172,36,1,0,1,1,1,Suburban
1173,24,1,1,1,0,0,Urban
1174,1,1,1,1,1,0,Urban
1175,1,0,1,1,0,0,Urban
1176,64,1,0,0,1,0,Suburban
1177,62,1,1,0,1,0,Rural
1178,110,1,1,1,1,0,Suburban
1179,36,0,1,0,0,1,Suburban
1180,75,1,1,1,0,1,Suburban
1181,18,1,0,1,0,1,Rural
1182,16,1,0,1,1,0,Suburban
1183,17,0,1,0,0,0,Urban
1184,24,0,0,1,0,0,Urban
1185,98,1,0,1,0,0,Rural
1186,68,1,0,0,0,1,Urban
1187,99,1,1,1,0,0,Suburban
1188,79,1,1,1,1,0,Suburban
1189,2,1,1,0,0,1,Urban
1190,120,1,0,1,0,1,Rural
1191,115,1,1,1,1,1,Urban
1192,95,1,1,1,1,1,Urban
1193,73,0,1,1,0,0,Urban
1194,10,1,0,1,0,1,Urban
1195,53,1,1,1,1,1,Suburban
1196,89,1,0,1,0,1,Suburban
1197,51,1,0,1,1,1,Suburban
1198,69,0,1,0,0,0,Urban
1199,14,0,0,0,0,0,Urban
1200,106,1,1,1,0,0,Urban
1201,112,1,0,1,1,0,Suburban
1202,102,1,1,0,1,1,Urban
1203,121,1,0,1,0,1,Rural
1204,104,1,0,1,1,1,Urban
1205,66,0,0,0,0,1,Suburban
1206,82,1,0,0,0,1,Rural
1207,93,1,1,0,1,1,Suburban
1208,53,0,0,0,0,1,Suburban
1209,117,1,0,1,1,1,Suburban
1210,117,1,1,1,1,1,Suburban
1211,84,1,1,1,1,0,Urban
1212,64,1,0,1,1,0,Suburban
1213,72,0,0,1,0,0,Suburban
1214,101,0,0,0,0,0,Urban
1215,49,0,1,0,0,1,Suburban
1216,112,0,0,1,0,0,Suburban
1217,90,1,1,0,0,0,Suburban
1218,62,1,0,0,0,0,Rural
1219,37,1,1,1,1,0,Urban
1220,49,1,0,1,0,1,Suburban
1221,68,1,0,1,1,1,Urban
1222,33,1,1,1,1,0,Rural
1223,22,0,0,1,1,0,Urban
1224,70,1,1,1,0,1,Rural
1225,33,1,0,1,0,0,Rural
1226,28,1,0,1,0,1,Urban
1227,88,1,1,0,0,1,Urban
1228,4,1,0,1,0,1,Suburban
1229,66,0,0,0,1,1,Suburban
1230,77,1,1,1,0,1,Rural
1231,110,1,1,1,1,0,Suburban
1232,49,0,0,0,1,1,Suburban
1233,11,1,0,1,0,0,Urban
1234,35,1,0,1,0,1,Suburban
1235,39,0,0,0,1,1,Urban
1236,10,0,1,1,0,1,Urban
1237,107,1,0,1,1,0,Rural
1238,74,1,1,1,0,1,Urban
1239,72,1,1,0,1,0,Suburban
1240,69,1,1,1,0,0,Urban
1241,23,1,1,1,0,0,Urban
1242,34,1,1,1,1,1,Urban
1243,111,0,1,1,0,0,Suburban
1244,32,1,0,0,0,0,Suburban
1245,16,1,1,1,0,0,Suburban
1246,68,0,1,1,0,1,Urban
1247,54,0,1,1,1,1,Urban
1248,28,1,1,0,1,1,Urban
1249,112,1,1,1,1,0,Suburban
1250,108,1,1,0,1,1,Suburban
1251,60,0,0,0,0,0,Urban
1252,78,0,0,1,0,0,Suburban
1253,76,1,0,1,1,1,Rural
1254,60,1,1,1,1,0,Urban
1255,85,0,1,0,0,0,Urban
1256,112,1,0,1,0,0,Suburban
1257,80,1,1,1,0,0,Urban
1258,118,1,1,0,1,0,Urban
1259,44,1,1,1,1,1,Rural
1260,2,1,1,1,0,1,Urban
1261,23,1,1,1,1,0,Urban
1262,120,1,1,1,0,1,Rural
1263,93,0,1,0,0,1,Suburban
1264,46,1,1,1,1,1,Urban
1265,107,0,0,1,0,0,Rural
1266,73,0,0,0,0,0,Urban
1267,54,1,0,1,1,1,Urban
1268,71,0,0,0,1,1,Rural
1269,93,1,0,0,1,1,Suburban
1270,108,1,1,1,0,1,Suburban
1271,81,1,1,1,0,1,Urban
1272,9,1,1,0,1,1,Suburban
1273,70,1,0,1,1,1,Rural
1274,44,1,0,1,1,1,Rural
1275,84,0,1,0,0,0,Urban
1276,74,0,0,1,0,1,Urban
1277,73,1,1,0,1,0,Urban
1278,12,1,0,1,1,1,Urban
1279,97,0,1,1,0,1,Suburban
1280,32,0,1,1,0,0,Suburban
1281,34,1,1,0,0,1,Urban
1282,83,1,1,1,0,0,Suburban
1283,33,1,1,0,0,0,Rural
1284,64,1,1,1,0,0,Suburban
1285,48,1,0,1,1,1,Suburban
1286,16,1,1,1,0,0,Suburban
1287,50,1,1,1,1,0,Urban
1288,114,0,0,1,0,1,Suburban
1289,23,0,0,1,1,0,Urban
1290,26,0,1,1,0,1,Suburban
1291,109,1,1,0,1,0,Suburban
1292,54,1,1,1,1,1,Urban
1293,44,1,1,0,1,1,Rural
1294,105,1,0,1,1,1,Rural
1295,37,0,1,1,0,0,Urban
1296,9,1,1,1,1,1,Suburban
1297,94,1,0,1,1,1,Urban
1298,13,1,1,1,1,1,Rural
1299,112,1,1,1,0,0,Suburban
1300,60,1,1,1,1,0,Urban
1301,106,1,0,0,0,0,Urban
1302,80,1,1,1,0,0,Urban
1303,110,0,0,0,0,0,Suburban
1304,121,1,1,1,0,1,Rural
1305,2,1,1,1,1,1,Urban
1306,95,1,0,1,1,1,Urban
1307,60,1,0,1,1,0,Urban
1308,57,0,0,1,1,0,Rural
1309,115,1,0,1,1,1,Urban
1310,43,1,0,1,1,0,Urban
1311,19,1,1,1,0,0,Rural
1312,11,0,1,1,1,0,Urban
1313,78,1,0,1,1,0,Suburban
1314,47,1,1,1,1,0,Urban
1315,89,1,0,0,1,1,Suburban
1316,63,1,0,0,1,1,Urban
1317,7,1,1,1,0,0,Urban
1318,79,0,1,0,0,0,Suburban
1319,94,0,0,0,1,1,Urban
1320,31,1,1,1,0,1,Urban
1321,88,1,0,1,1,1,Urban
1322,55,0,1,0,0,1,Suburban
1323,25,0,0,1,0,0,Suburban
1324,72,0,1,0,1,0,Suburban
1325,30,1,0,1,0,0,Urban
1326,36,1,1,1,1,1,Suburban
1327,50,1,1,1,0,0,Urban
1328,14,1,1,1,0,0,Urban
1329,29,1,0,0,1,1,Rural
1330,27,0,0,0,0,0,Urban
1331,117,1,1,1,1,1,Suburban
1332,50,1,1,1,1,0,Urban
1333,36,1,1,0,0,1,Suburban
1334,34,1,0,1,1,1,Urban
1335,21,1,0,1,1,1,Suburban
1336,38,1,1,1,0,0,Suburban
1337,75,1,1,0,0,1,Suburban
1338,97,1,1,0,0,1,Suburban
1339,79,1,1,1,1,0,Suburban
1340,76,1,1,1,1,1,Rural
1341,88,1,0,0,1,1,Urban
1342,50,1,1,1,1,0,Urban
1343,37,1,0,1,1,0,Urban
1344,75,1,1,1,1,1,Suburban
1345,120,1,1,0,1,1,Rural
1346,117,1,0,1,0,1,Suburban
1347,19,0,0,1,1,0,Rural
1348,118,1,0,1,1,0,Urban
1349,1,1,1,1,1,0,Urban
1350,81,1,1,1,1,1,Urban
1351,40,0,0,1,0,0,Suburban
1352,55,1,1,1,1,1,Suburban
1353,80,1,1,1,0,0,Urban
1354,26,1,1,1,1,1,Suburban
1355,122,0,1,1,0,1,Urban
1356,43,0,0,0,1,0,Urban
1357,59,0,1,0,1,0,Urban
1358,51,1,1,1,1,1,Suburban
1359,120,0,1,0,0,1,Rural
1360,107,1,1,1,1,0,Rural
1361,15,0,1,0,1,0,Suburban
1362,8,1,1,1,1,1,Suburban
1363,94,1,1,1,0,1,Urban
1364,14,1,0,1,1,0,Urban
1365,97,1,1,1,0,1,Suburban
1366,106,1,1,0,1,0,Urban
1367,7,1,0,1,0,0,Urban
1368,18,1,0,1,1,1,Rural
1369,12,1,1,1,1,1,Urban
1370,2,1,1,0,0,1,Urban
1371,50,1,1,1,0,0,Urban
1372,93,1,0,1,1,1,Suburban
1373,21,1,0,0,0,1,Suburban
1374,7,1,0,1,1,0,Urban
1375,116,1,1,1,0,1,Urban
1376,91,1,0,0,0,0,Suburban
1377,12,1,1,1,0,1,Urban
1378,84,1,1,1,1,0,Urban
1379,57,0,1,1,0,0,Rural
1380,78,0,0,0,1,0,Suburban
1381,74,0,1,1,1,1,Urban
1382,105,1,0,0,0,1,Rural
1383,23,1,1,0,1,0,Urban
1384,30,1,1,1,0,0,Urban
1385,111,1,1,0,1,0,Suburban
1386,58,0,1,1,0,0,Urban
1387,95,1,0,1,0,1,Urban
1388,52,1,1,0,1,1,Urban
1389,56,1,0,0,1,1,Urban
1390,10,0,0,1,0,1,Urban
1391,19,1,0,1,1,0,Rural
1392,19,1,1,1,0,0,Rural
1393,108,1,1,1,1,1,Suburban
1394,87,1,1,1,1,1,Urban
1395,59,1,0,1,0,0,Urban
1396,44,0,0,1,0,1,Rural
1397,105,1,1,1,0,1,Rural
1398,59,0,0,1,0,0,Urban
1399,96,0,1,0,0,0,Suburban
1400,84,0,0,0,1,0,Urban
1401,4,1,1,1,1,1,Suburban
1402,97,1,0,1,0,1,Suburban
1403,112,0,1,1,1,0,Suburban
1404,65,1,0,1,1,0,Rural
1405,13,1,0,1,1,1,Rural
1406,67,1,0,0,1,0,Suburban
1407,12,1,1,1,1,1,Urban
1408,93,1,1,1,0,1,Suburban
1409,55,0,1,1,0,1,Suburban
1410,61,1,1,1,0,0,Rural
1411,95,0,1,1,0,1,Urban
1412,41,0,0,0,0,0,Suburban
1413,36,1,1,1,1,1,Suburban
1414,2,1,1,1,0,1,Urban
1415,22,0,1,1,1,0,Urban
1416,22,1,1,0,0,0,Urban
1417,41,0,0,1,1,0,Suburban
1418,95,1,1,1,1,1,Urban
1419,116,0,0,0,0,1,Urban
1420,120,1,1,1,0,1,Rural
1421,109,1,0,1,1,0,Suburban
1422,14,0,0,1,0,0,Urban
1423,93,1,1,1,0,1,Suburban
1424,35,0,0,1,0,1,Suburban
1425,50,1,1,1,1,0,Urban
1426,9,0,0,1,1,1,Suburban
1427,111,1,1,1,1,0,Suburban
1428,118,1,0,1,1,0,Urban
1429,96,1,0,1,1,0,Suburban
1430,59,0,0,1,1,0,Urban
1431,56,1,0,0,1,1,Urban
1432,91,0,1,1,0,0,Suburban
1433,10,1,1,1,0,1,Urban
1434,25,0,1,1,1,0,Suburban
1435,113,1,1,1,1,1,Urban
1436,45,0,0,1,0,0,Urban
1437,97,1,1,1,0,1,Suburban
1438,11,1,0,1,1,0,Urban
1439,101,0,0,1,1,0,Urban
1440,9,0,0,0,0,1,Suburban
1441,7,1,1,1,1,0,Urban
1442,71,1,0,1,1,1,Rural
1443,34,1,0,1,1,1,Urban
1444,83,1,1,1,0,0,Suburban
1445,20,1,0,1,0,0,Urban
1446,114,1,0,1,0,1,Suburban
1447,106,0,1,1,0,0,Urban
1448,89,0,1,0,1,1,Suburban
1449,5,1,1,0,0,0,Rural
1450,112,1,1,1,1,0,Suburban
1451,93,1,1,1,0,1,Suburban
1452,55,1,1,0,0,1,Suburban
1453,91,1,1,1,1,0,Suburban
1454,89,0,1,1,1,1,Suburban
1455,101,0,0,1,0,0,Urban
1456,15,1,1,1,1,0,Suburban
1457,118,1,0,1,1,0,Urban
1458,48,1,1,1,1,1,Suburban
1459,4,1,1,1,1,1,Suburban
1460,78,1,1,1,0,0,Suburban
1461,120,1,1,0,1,1,Rural
1462,113,1,1,1,1,1,Urban
1463,81,1,0,1,0,1,Urban
1464,21,1,1,1,0,1,Suburban
1465,80,0,0,0,1,0,Urban
1466,90,1,0,0,0,0,Suburban
1467,9,0,1,1,0,1,Suburban
1468,66,1,1,1,1,1,Suburban
1469,107,0,0,0,0,0,Rural
1470,79,1,1,1,0,0,Suburban
1471,35,1,1,1,1,1,Suburban
1472,88,1,0,1,1,1,Urban
1473,112,1,1,1,0,0,Suburban
1474,117,1,0,1,1,1,Suburban
1475,51,1,0,1,1,1,Suburban
1476,118,1,1,1,1,0,Urban
1477,102,0,1,0,0,1,Urban
1478,78,1,1,0,0,0,Suburban
1479,101,1,1,0,0,0,Urban
1480,37,1,1,0,1,0,Urban
1481,6,1,0,1,1,0,Rural
1482,82,1,1,1,1,1,Rural
1483,86,1,1,1,1,0,Suburban
1484,82,1,0,0,1,1,Rural
1485,51,1,0,1,0,1,Suburban
1486,66,0,0,0,1,1,Suburban
1487,96,1,1,1,1,0,Suburban
1488,17,0,0,0,1,0,Urban
1489,65,1,1,1,0,0,Rural
1490,9,1,1,1,1,1,Suburban
1491,13,1,1,0,0,1,Rural
1492,100,1,0,1,0,0,Suburban
1493,101,1,1,0,1,0,Urban
1494,58,1,1,1,1,0,Urban
1495,30,1,1,1,0,0,Urban
1496,31,1,1,1,1,1,Urban
1497,23,1,0,1,0,0,Urban
1498,63,0,0,1,0,1,Urban
1499,114,1,0,1,0,1,Suburban
1500,28,1,1,1,1,1,Urban
1501,59,1,1,1,1,0,Urban
1502,10,1,1,1,1,1,Urban
1503,89,1,1,1,1,1,Suburban
1504,100,1,1,0,0,0,Suburban
1505,90,0,0,1,0,0,Suburban
1506,26,1,1,1,1,1,Suburban
1507,109,0,1,1,0,0,Suburban
1508,77,1,1,1,1,1,Rural
1509,17,1,1,1,1,0,Urban
1510,40,0,1,0,1,0,Suburban
1511,68,0,0,0,0,1,Urban
1512,23,0,0,1,0,0,Urban
1513,35,1,0,1,1,1,Suburban
1514,75,1,1,0,0,1,Suburban
1515,76,1,1,1,1,1,Rural
1516,9,1,1,1,0,1,Suburban
1517,79,1,1,1,0,0,Suburban
1518,45,1,0,1,0,0,Urban
1519,37,0,1,0,0,0,Urban
1520,69,1,1,1,1,0,Urban
1521,19,1,1,1,0,0,Rural
1522,75,1,1,1,0,1,Suburban
1523,73,0,0,0,0,0,Urban
1524,99,0,1,0,0,0,Suburban
1525,114,1,1,1,0,1,Suburban
1526,27,1,1,1,0,0,Urban
1527,13,1,1,1,1,1,Rural
1528,57,1,0,0,1,0,Rural
1529,60,0,0,0,1,0,Urban
1530,12,1,0,1,1,1,Urban
1531,9,1,0,0,0,1,Suburban
1532,106,1,1,1,1,0,Urban
1533,92,1,0,1,1,1,Urban
1534,77,1,1,1,0,1,Rural
1535,84,1,1,1,1,0,Urban
1536,116,1,0,1,0,1,Urban
1537,77,1,1,1,0,1,Rural
1538,27,1,0,1,1,0,Urban
1539,90,1,1,1,0,0,Suburban
1540,63,1,0,1,0,1,Urban
1541,93,1,0,1,0,1,Suburban
1542,29,1,0,1,0,1,Rural
1543,22,1,0,1,0,0,Urban
1544,73,1,0,1,1,0,Urban
1545,88,1,1,0,1,1,Urban
1546,106,0,1,0,1,0,Urban
1547,19,0,1,0,0,0,Rural
1548,38,1,0,1,1,0,Suburban
1549,95,1,1,1,1,1,Urban
1550,39,1,0,1,0,1,Urban
1551,15,1,1,1,1,0,Suburban
1552,54,1,1,1,1,1,Urban
1553,32,1,0,1,1,0,Suburban
1554,115,0,1,0,0,1,Urban
1555,110,0,1,1,0,0,Suburban
1556,112,1,1,0,1,0,Suburban
1557,46,0,0,0,1,1,Urban
1558,61,1,0,1,1,0,Rural
1559,93,1,1,0,1,1,Suburban
1560,121,1,1,1,1,1,Rural
1561,52,0,1,0,0,1,Urban
1562,34,1,0,1,1,1,Urban
1563,73,1,0,0,0,0,Urban
1564,35,1,1,1,1,1,Suburban
1565,70,1,1,0,1,1,Rural
1566,37,1,1,1,0,0,Urban
1567,78,1,0,1,1,0,Suburban
1568,61,0,0,0,0,0,Rural
1569,111,1,1,0,0,0,Suburban
1570,114,1,1,1,0,1,Suburban
1571,49,1,1,1,0,1,Suburban
1572,9,1,0,1,0,1,Suburban
1573,19,1,1,0,0,0,Rural
1574,87,1,0,0,1,1,Urban
1575,121,1,0,0,1,1,Rural
1576,105,1,1,1,1,1,Rural
1577,28,1,1,1,0,1,Urban
1578,80,1,1,1,1,0,Urban
1579,26,1,0,0,1,1,Suburban
1580,38,0,0,1,0,0,Suburban
1581,40,1,0,0,1,0,Suburban
1582,25,0,1,1,0,0,Suburban
1583,99,1,1,1,1,0,Suburban
1584,118,0,0,1,0,0,Urban
1585,69,0,0,1,0,0,Urban
1586,71,1,1,1,1,1,Rural
1587,23,0,0,1,0,0,Urban
1588,89,1,0,1,0,1,Suburban
1589,65,1,1,0,1,0,Rural
1590,22,1,0,1,1,0,Urban
1591,64,1,0,1,1,0,Suburban
1592,117,0,0,1,0,1,Suburban
1593,68,1,1,1,0,1,Urban
1594,58,0,1,0,1,0,Urban
1595,28,1,0,1,0,1,Urban
1596,112,1,1,0,0,0,Suburban
1597,78,0,1,1,1,0,Suburban
1598,97,1,1,1,0,1,Suburban
1599,68,1,1,1,0,1,Urban
1600,106,1,0,1,0,0,Urban
1601,75,0,0,1,0,1,Suburban
1602,103,0,1,0,0,0,Urban
1603,96,1,1,1,0,0,Suburban
1604,4,1,1,1,0,1,Suburban
1605,1,1,0,1,1,0,Urban
1606,26,1,0,1,1,1,Suburban
1607,33,1,1,1,0,0,Rural
1608,81,1,0,1,1,1,Urban
1609,27,0,0,1,0,0,Urban
1610,42,1,0,1,0,0,Suburban
1611,69,1,0,1,0,0,Urban
1612,71,1,1,0,1,1,Rural
1613,64,1,0,1,1,0,Suburban
1614,25,1,1,1,1,0,Suburban
1615,72,0,0,0,0,0,Suburban
1616,98,1,0,1,0,0,Rural
1617,105,1,0,1,1,1,Rural
1618,4,1,0,1,0,1,Suburban
1619,12,1,1,1,1,1,Urban
1620,58,1,1,1,1,0,Urban
1621,95,0,0,0,1,1,Urban
1622,11,0,0,0,1,0,Urban
1623,101,1,1,0,1,0,Urban
1624,108,1,1,0,1,1,Suburban
1625,59,1,1,1,1,0,Urban
1626,117,0,0,1,0,1,Suburban
1627,36,0,0,0,1,1,Suburban
1628,109,1,1,0,0,0,Suburban
1629,22,1,1,1,0,0,Urban
1630,65,0,0,0,0,0,Rural
1631,50,0,0,1,0,0,Urban
1632,4,1,1,1,1,1,Suburban
1633,100,1,1,1,1,0,Suburban
1634,72,1,1,1,0,0,Suburban
1635,89,1,1,1,0,1,Suburban
1636,92,1,1,1,1,1,Urban
1637,52,1,0,1,1,1,Urban
1638,102,1,0,1,1,1,Urban
1639,100,0,0,1,0,0,Suburban
1640,100,0,0,0,1,0,Suburban
1641,43,0,1,1,0,0,Urban
1642,105,1,1,1,0,1,Rural
1643,46,1,1,1,0,1,Urban
1644,4,0,1,1,0,1,Suburban
1645,13,0,0,0,0,1,Rural
1646,38,1,0,1,1,0,Suburban
1647,45,1,1,0,0,0,Urban
1648,25,1,1,1,0,0,Suburban
1649,67,1,0,1,0,0,Suburban
1650,55,1,1,1,0,1,Suburban
1651,96,1,1,1,1,0,Suburban
1652,39,1,0,1,0,1,Urban
1653,65,1,0,1,1,0,Rural
1654,75,1,1,1,0,1,Suburban
1655,2,1,1,1,1,1,Urban
1656,69,1,0,0,1,0,Urban
1657,120,1,1,1,1,1,Rural
1658,86,1,1,1,1,0,Suburban
1659,62,1,0,1,1,0,Rural
1660,46,1,1,1,0,1,Urban
1661,77,1,0,1,1,1,Rural
1662,112,1,1,0,1,0,Suburban
1663,87,1,0,0,1,1,Urban
1664,111,1,1,1,0,0,Suburban
1665,31,1,1,1,0,1,Urban
1666,99,1,1,1,1,0,Suburban
1667,102,1,1,1,0,1,Urban
1668,105,0,0,1,0,1,Rural
1669,35,1,0,1,0,1,Suburban
1670,45,1,1,1,1,0,Urban
1671,77,1,1,1,1,1,Rural
1672,54,0,0,1,0,1,Urban
1673,71,1,0,1,0,1,Rural
1674,69,1,1,1,0,0,Urban
1675,122,1,1,1,0,1,Urban
1676,29,1,1,0,1,1,Rural
1677,72,0,0,1,1,0,Suburban
1678,8,1,1,0,0,1,Suburban
1679,54,0,0,1,1,1,Urban
1680,7,1,1,1,1,0,Urban
1681,83,1,0,1,0,0,Suburban
1682,103,1,1,1,0,0,Urban
1683,23,0,1,0,1,0,Urban
1684,100,0,1,1,0,0,Suburban
1685,106,0,0,1,1,0,Urban
1686,32,1,1,1,0,0,Suburban
1687,62,1,1,0,1,0,Rural
1688,45,1,1,1,1,0,Urban
1689,68,1,1,0,1,1,Urban
1690,30,1,0,0,1,0,Urban
1691,115,1,0,1,1,1,Urban
1692,106,0,0,0,1,0,Urban
1693,39,0,1,0,0,1,Urban
1694,5,0,0,1,0,0,Rural
1695,67,0,1,1,1,0,Suburban
1696,22,1,1,1,1,0,Urban
1697,28,1,1,1,0,1,Urban
1698,22,1,1,1,0,0,Urban
1699,86,1,0,1,1,0,Suburban
1700,98,1,0,1,0,0,Rural
1701,29,1,0,1,0,1,Rural
1702,43,1,1,1,1,0,Urban
1703,42,1,1,0,1,0,Suburban
1704,60,0,1,0,0,0,Urban
1705,119,1,1,1,0,1,Rural
1706,77,1,1,1,0,1,Rural
1707,71,1,1,1,0,1,Rural
1708,74,1,1,0,1,1,Urban
1709,92,1,1,1,1,1,Urban
1710,68,1,0,1,0,1,Urban
1711,59,1,0,0,0,0,Urban
1712,96,1,0,0,0,0,Suburban
1713,86,1,0,0,1,0,Suburban
1714,84,1,1,0,0,0,Urban
1715,112,1,0,1,1,0,Suburban
1716,84,1,0,1,1,0,Urban
1717,6,1,1,1,1,0,Rural
1718,73,1,1,1,1,0,Urban
1719,28,0,0,0,0,1,Urban
1720,77,1,1,1,1,1,Rural
1721,31,1,1,1,0,1,Urban
1722,39,1,1,0,1,1,Urban
1723,50,1,1,1,0,0,Urban
1724,78,1,1,0,1,0,Suburban
1725,86,0,1,0,0,0,Suburban
1726,37,1,1,1,1,0,Urban
1727,118,1,1,1,0,0,Urban
1728,109,1,0,1,1,0,Suburban
1729,88,1,1,1,0,1,Urban
1730,72,1,1,1,0,0,Suburban
1731,15,1,1,1,1,0,Suburban
1732,51,1,0,0,1,1,Suburban
1733,105,1,1,1,0,1,Rural
1734,70,1,1,0,1,1,Rural
1735,23,0,0,1,1,0,Urban
1736,25,0,0,1,1,0,Suburban
1737,95,0,1,0,0,1,Urban
1738,46,1,0,1,0,1,Urban
1739,93,1,1,1,1,1,Suburban
1740,23,1,1,1,0,0,Urban
1741,10,1,1,0,1,1,Urban
1742,73,1,1,1,0,0,Urban
1743,113,1,0,1,0,1,Urban
1744,77,1,1,1,1,1,Rural
1745,32,1,1,0,1,0,Suburban
1746,113,1,0,0,1,1,Urban
1747,51,1,0,1,0,1,Suburban
1748,109,0,1,0,0,0,Suburban
1749,41,1,0,1,0,0,Suburban
1750,65,1,1,1,0,0,Rural
1751,65,0,0,1,1,0,Rural
1752,101,1,0,1,1,0,Urban
1753,40,0,0,1,0,0,Suburban
1754,18,1,1,1,1,1,Rural
1755,36,1,1,1,0,1,Suburban
1756,31,0,1,0,1,1,Urban
1757,54,1,1,1,0,1,Urban
1758,63,1,1,1,1,1,Urban
1759,1,0,0,0,0,0,Urban
1760,111,1,1,1,0,0,Suburban
1761,52,1,1,1,0,1,Urban
1762,100,0,0,0,0,0,Suburban
1763,57,1,1,1,0,0,Rural
1764,9,0,0,1,0,1,Suburban
1765,86,1,1,1,0,0,Suburban
1766,120,0,1,0,1,1,Rural
1767,92,1,1,1,0,1,Urban
1768,90,1,1,0,1,0,Suburban
1769,116,1,0,1,0,1,Urban
1770,74,1,1,1,1,1,Urban
1771,56,1,1,0,1,1,Urban
1772,47,1,1,1,0,0,Urban
1773,3,1,1,1,1,1,Urban
1774,2,1,0,1,0,1,Urban
1775,54,1,1,0,1,1,Urban
1776,37,1,0,1,1,0,Urban
1777,56,1,0,1,0,1,Urban
1778,31,1,1,1,0,1,Urban
1779,97,0,0,0,0,1,Suburban
1780,96,1,1,1,0,0,Suburban
1781,107,0,1,1,1,0,Rural
1782,12,1,1,1,0,1,Urban
1783,58,0,0,1,0,0,Urban
1784,67,1,0,1,0,0,Suburban
1785,119,1,1,1,0,1,Rural
1786,112,1,0,1,0,0,Suburban
1787,26,0,1,0,1,1,Suburban
1788,78,1,1,0,0,0,Suburban
1789,12,1,1,1,1,1,Urban
1790,116,0,0,0,0,1,Urban
1791,90,1,0,1,0,0,Suburban
1792,16,1,1,0,1,0,Suburban
1793,53,1,1,1,0,1,Suburban
1794,72,1,1,1,0,0,Suburban
1795,49,1,1,0,1,1,Suburban
1796,49,1,1,0,0,1,Suburban
1797,92,0,0,1,0,1,Urban
1798,7,1,1,1,1,0,Urban
1799,15,1,1,1,1,0,Suburban
1800,105,1,1,1,0,1,Rural
1801,36,1,0,1,0,1,Suburban
1802,72,1,0,1,0,0,Suburban
1803,74,1,1,0,0,1,Urban
1804,15,0,0,1,1,0,Suburban
1805,119,1,1,1,1,1,Rural
1806,62,1,1,1,1,0,Rural
1807,18,1,1,1,0,1,Rural
1808,46,1,1,1,0,1,Urban
1809,101,1,1,1,1,0,Urban
1810,105,0,0,0,0,1,Rural
1811,109,1,0,0,1,0,Suburban
1812,61,0,0,1,1,0,Rural
1813,121,1,1,1,1,1,Rural
1814,115,1,1,1,0,1,Urban
1815,43,0,0,0,0,0,Urban
1816,44,0,1,0,1,1,Rural
1817,99,1,1,1,1,0,Suburban
1818,66,1,1,1,1,1,Suburban
1819,55,1,0,0,0,1,Suburban
1820,86,1,1,1,1,0,Suburban
1821,79,1,1,1,1,0,Suburban
1822,101,0,0,0,0,0,Urban
1823,39,1,1,0,1,1,Urban
1824,100,1,1,1,1,0,Suburban
1825,5,0,1,1,0,0,Rural
1826,57,0,1,1,0,0,Rural
1827,112,1,0,1,1,0,Suburban
1828,15,1,1,1,0,0,Suburban
1829,91,1,1,1,1,0,Suburban
1830,16,0,0,0,0,0,Suburban
1831,57,0,0,0,0,0,Rural
1832,100,1,0,1,1,0,Suburban
1833,102,1,1,1,1,1,Urban
1834,82,1,1,1,0,1,Rural
1835,99,0,0,1,1,0,Suburban
1836,25,0,0,1,0,0,Suburban
1837,22,1,1,1,0,0,Urban
1838,120,0,1,0,0,1,Rural
1839,31,0,1,1,0,1,Urban
1840,101,0,0,0,1,0,Urban
1841,34,1,1,0,1,1,Urban
1842,87,1,1,1,1,1,Urban
1843,16,1,1,1,1,0,Suburban
1844,70,1,0,0,0,1,Rural
1845,59,1,0,0,1,0,Urban
1846,15,1,1,1,1,0,Suburban
1847,82,1,0,1,1,1,Rural
1848,102,1,0,1,1,1,Urban
1849,13,1,1,0,1,1,Rural
1850,24,1,1,1,0,0,Urban
1851,13,1,1,1,1,1,Rural
1852,65,1,0,0,1,0,Rural
1853,112,1,1,1,1,0,Suburban
1854,36,1,0,1,0,1,Suburban
1855,49,1,0,1,1,1,Suburban
1856,82,1,1,0,1,1,Rural
1857,48,0,0,1,0,1,Suburban
1858,97,1,1,1,1,1,Suburban
1859,102,1,1,1,0,1,Urban
1860,43,0,0,1,0,0,Urban
1861,6,1,0,1,0,0,Rural
1862,81,1,1,1,1,1,Urban
1863,68,1,0,1,0,1,Urban
1864,14,0,0,0,0,0,Urban
1865,30,1,1,0,0,0,Urban
1866,110,1,0,1,0,0,Suburban
1867,84,1,1,1,0,0,Urban
1868,8,1,1,1,0,1,Suburban
1869,54,0,1,0,1,1,Urban
1870,66,1,0,1,1,1,Suburban
1871,101,0,0,1,0,0,Urban
1872,4,1,1,1,0,1,Suburban
1873,74,1,1,1,1,1,Urban
1874,84,0,0,1,0,0,Urban
1875,60,1,1,1,1,0,Urban
1876,120,1,0,1,1,1,Rural
1877,53,0,0,0,0,1,Suburban
1878,99,0,1,1,0,0,Suburban
1879,112,0,0,1,1,0,Suburban
1880,74,1,1,1,0,1,Urban
1881,92,1,0,1,0,1,Urban
1882,15,0,0,1,0,0,Suburban
1883,100,1,0,1,1,0,Suburban
1884,1,0,1,1,1,0,Urban
1885,22,1,0,1,0,0,Urban
1886,91,1,1,1,1,0,Suburban
1887,93,1,1,1,0,1,Suburban
1888,15,1,1,0,1,0,Suburban
1889,74,1,1,1,0,1,Urban
1890,84,1,1,1,1,0,Urban
1891,22,1,0,1,1,0,Urban
1892,50,0,0,1,0,0,Urban
1893,48,1,1,1,0,1,Suburban
1894,117,1,0,1,0,1,Suburban
1895,73,0,1,0,0,0,Urban
1896,120,0,0,1,0,1,Rural
1897,51,0,0,1,1,1,Suburban
1898,96,0,1,0,1,0,Suburban
1899,17,0,0,0,0,0,Urban
1900,106,1,1,1,1,0,Urban
1901,83,1,1,1,1,0,Suburban
1902,104,0,0,1,1,1,Urban
1903,91,1,1,1,0,0,Suburban
1904,51,1,1,1,0,1,Suburban
1905,37,0,1,1,0,0,Urban
1906,98,0,0,0,0,0,Rural
1907,111,1,1,1,1,0,Suburban
1908,49,1,1,1,1,1,Suburban
1909,59,1,0,1,0,0,Urban
1910,10,0,0,0,0,1,Urban
1911,30,1,1,1,1,0,Urban
1912,85,1,1,1,1,0,Urban
1913,21,1,1,1,1,1,Suburban
1914,118,1,1,1,0,0,Urban
1915,34,1,1,1,1,1,Urban
1916,73,0,0,1,1,0,Urban
1917,98,1,0,1,1,0,Rural
1918,50,0,0,1,0,0,Urban
1919,76,1,1,1,0,1,Rural
1920,47,1,0,1,0,0,Urban
1921,85,1,1,1,1,0,Urban
1922,121,1,0,1,1,1,Rural
1923,84,1,0,1,1,0,Urban
1924,6,1,1,1,1,0,Rural
1925,50,0,0,0,0,0,Urban
1926,109,0,1,1,0,0,Suburban
1927,100,1,0,1,0,0,Suburban
1928,63,0,1,1,0,1,Urban
1929,12,1,1,0,1,1,Urban
1930,41,0,0,0,1,0,Suburban
1931,31,1,1,1,0,1,Urban
1932,2,1,0,1,1,1,Urban
1933,16,1,1,1,1,0,Suburban
1934,1,0,0,1,0,0,Urban
1935,4,0,0,0,0,1,Suburban
1936,47,1,1,1,0,0,Urban
1937,116,1,1,1,0,1,Urban
1938,65,1,1,0,1,0,Rural
1939,52,0,1,0,0,1,Urban
1940,47,0,1,1,0,0,Urban
1941,99,1,0,1,1,0,Suburban
1942,77,1,0,1,1,1,Rural
1943,50,0,0,0,0,0,Urban
1944,45,0,0,0,1,0,Urban
1945,42,1,0,1,0,0,Suburban
1946,95,1,0,1,0,1,Urban
1947,84,1,1,0,1,0,Urban
1948,56,1,0,1,0,1,Urban
1949,71,0,0,1,1,1,Rural
1950,57,1,1,0,0,0,Rural
1951,104,1,1,1,0,1,Urban
1952,33,1,1,1,1,0,Rural
1953,28,0,1,0,0,1,Urban
1954,114,0,0,0,1,1,Suburban
1955,44,1,1,1,1,1,Rural
1956,114,1,1,1,1,1,Suburban
1957,56,1,0,1,1,1,Urban
1958,44,1,1,1,0,1,Rural
1959,84,1,1,1,1,0,Urban
1960,96,1,1,0,1,0,Suburban
1961,73,1,0,1,1,0,Urban
1962,34,1,0,1,1,1,Urban
1963,14,1,1,1,1,0,Urban
1964,68,0,0,0,0,1,Urban
1965,29,1,1,1,1,1,Rural
1966,79,0,0,1,0,0,Suburban
1967,17,0,0,1,0,0,Urban
1968,83,1,0,1,1,0,Suburban
1969,102,1,1,1,0,1,Urban
1970,9,0,0,1,0,1,Suburban
1971,27,1,0,1,0,0,Urban
1972,49,1,1,1,1,1,Suburban
1973,79,0,0,1,0,0,Suburban
1974,37,1,1,1,1,0,Urban
1975,28,1,0,1,0,1,Urban
1976,50,0,1,1,0,0,Urban
1977,55,0,0,1,0,1,Suburban
1978,4,1,1,1,1,1,Suburban
1979,85,1,1,1,0,0,Urban
1980,120,1,1,1,1,1,Rural
1981,98,1,1,1,1,0,Rural
1982,19,1,1,1,1,0,Rural
1983,37,1,1,0,1,0,Urban
1984,122,0,1,0,0,1,Urban
1985,4,1,1,1,1,1,Suburban
1986,37,1,1,1,1,0,Urban
1987,51,1,0,1,1,1,Suburban
1988,32,1,1,1,1,0,Suburban
1989,45,0,0,1,1,0,Urban
1990,112,1,0,1,1,0,Suburban
1991,12,1,0,1,0,1,Urban
1992,41,1,1,0,1,0,Suburban
1993,56,1,0,1,1,1,Urban
1994,80,1,1,0,1,0,Urban
1995,14,1,1,0,0,0,Urban
1996,54,1,1,1,1,1,Urban
1997,63,1,0,1,1,1,Urban
1998,65,1,1,1,0,0,Rural
1999,116,1,1,1,1,1,Urban
2000,119,1,0,1,0,1,Rural
2001,58,0,0,1,1,0,Urban
2002,96,0,1,1,0,0,Suburban
2003,21,0,1,0,0,1,Suburban
2004,4,1,0,1,0,1,Suburban
2005,73,1,1,0,1,0,Urban
2006,120,1,1,1,0,1,Rural
2007,115,0,1,0,1,1,Urban
2008,46,1,0,1,1,1,Urban
2009,86,1,0,1,1,0,Suburban
2010,12,0,0,0,0,1,Urban
2011,30,0,0,1,1,0,Urban
2012,94,1,1,1,1,1,Urban
2013,96,1,1,1,0,0,Suburban
2014,60,0,1,1,0,0,Urban
2015,100,1,1,1,0,0,Suburban
2016,71,1,1,0,1,1,Rural
2017,81,1,0,1,0,1,Urban
2018,65,1,0,1,0,0,Rural
2019,14,1,0,0,1,0,Urban
2020,111,1,1,1,1,0,Suburban
2021,44,1,0,1,1,1,Rural
2022,108,1,0,0,1,1,Suburban
2023,102,1,1,1,0,1,Urban
2024,26,0,0,1,1,1,Suburban
2025,91,1,1,1,0,0,Suburban
2026,109,1,1,1,1,0,Suburban
2027,16,0,1,1,1,0,Suburban
2028,110,1,1,1,0,0,Suburban
2029,7,0,1,0,1,0,Urban
2030,32,0,0,1,0,0,Suburban
2031,89,0,0,1,0,1,Suburban
2032,95,1,0,0,1,1,Urban
2033,16,1,0,1,1,0,Suburban
2034,119,0,1,0,1,1,Rural
2035,105,1,0,1,1,1,Rural
2036,122,1,1,0,1,1,Urban
2037,78,1,1,1,0,0,Suburban
2038,89,1,1,1,0,1,Suburban
2039,62,1,1,1,0,0,Rural
2040,30,1,1,1,0,0,Urban
2041,120,1,1,0,1,1,Rural
2042,71,1,1,1,0,1,Rural
2043,12,0,0,1,0,1,Urban
2044,67,0,1,0,0,0,Suburban
2045,91,1,1,1,1,0,Suburban
2046,46,1,1,1,1,1,Urban
2047,83,0,0,1,0,0,Suburban
2048,43,1,1,1,1,0,Urban
2049,101,1,1,1,0,0,Urban
2050,55,0,1,0,1,1,Suburban
2051,45,1,1,1,0,0,Urban
2052,60,0,1,1,0,0,Urban
2053,106,1,1,0,1,0,Urban
2054,71,1,1,1,1,1,Rural
2055,113,1,1,1,0,1,Urban
2056,80,1,1,1,1,0,Urban
2057,32,1,0,1,1,0,Suburban
2058,8,1,1,1,1,1,Suburban
2059,113,1,1,1,0,1,Urban
2060,77,1,1,1,0,1,Rural
2061,62,0,0,0,1,0,Rural
2062,75,0,1,1,0,1,Suburban
2063,20,1,1,0,0,0,Urban
2064,18,1,0,1,0,1,Rural
2065,101,1,1,1,1,0,Urban
2066,6,0,1,1,0,0,Rural
2067,84,0,1,0,1,0,Urban
2068,96,1,0,1,0,0,Suburban
2069,110,0,1,1,0,0,Suburban
2070,108,0,0,0,0,1,Suburban
2071,29,1,0,1,0,1,Rural
2072,4,1,1,0,1,1,Suburban
2073,71,1,1,1,1,1,Rural
2074,43,1,1,0,0,0,Urban
2075,84,0,1,0,0,0,Urban
2076,34,1,1,1,1,1,Urban
2077,100,1,0,1,1,0,Suburban
2078,71,1,0,1,1,1,Rural
2079,33,1,0,0,1,0,Rural
2080,15,1,1,1,0,0,Suburban
2081,116,1,0,1,1,1,Urban
2082,96,0,0,1,0,0,Suburban
2083,86,0,0,1,0,0,Suburban
2084,120,1,1,1,1,1,Rural
2085,40,1,0,1,1,0,Suburban
2086,93,1,1,1,1,1,Suburban
2087,89,1,1,1,0,1,Suburban
2088,5,1,1,1,0,0,Rural
2089,78,0,0,1,0,0,Suburban
2090,50,1,0,0,1,0,Urban
2091,99,1,1,0,0,0,Suburban
2092,66,1,1,1,1,1,Suburban
2093,89,1,1,1,0,1,Suburban
2094,54,1,1,1,1,1,Urban
2095,80,1,1,1,1,0,Urban
2096,46,1,1,1,0,1,Urban
2097,80,1,0,1,0,0,Urban
2098,11,1,1,1,1,0,Urban
2099,49,1,1,0,1,1,Suburban
2100,99,1,1,1,1,0,Suburban
2101,23,1,0,1,1,0,Urban
2102,55,1,0,1,0,1,Suburban
2103,5,1,0,0,1,0,Rural
2104,64,1,1,1,0,0,Suburban
2105,35,1,1,1,1,1,Suburban
2106,93,1,1,1,0,1,Suburban
2107,111,1,0,1,1,0,Suburban
2108,119,1,0,1,0,1,Rural
2109,69,0,0,1,0,0,Urban
2110,54,1,0,1,0,1,Urban
2111,3,1,0,1,1,1,Urban
2112,6,1,1,1,1,0,Rural
2113,87,1,0,0,1,1,Urban
2114,110,1,1,1,0,0,Suburban
2115,56,0,1,0,1,1,Urban
2116,2,1,1,1,1,1,Urban
2117,82,1,1,1,0,1,Rural
2118,94,1,1,1,0,1,Urban
2119,38,1,1,1,0,0,Suburban
2120,56,1,1,0,0,1,Urban
2121,5,0,1,0,0,0,Rural
2122,46,1,1,1,1,1,Urban
2123,113,1,1,1,0,1,Urban
2124,11,1,1,1,1,0,Urban
2125,65,1,1,1,1,0,Rural
2126,10,1,0,1,1,1,Urban
2127,41,1,0,1,1,0,Suburban
2128,116,1,0,0,0,1,Urban
2129,44,1,0,1,1,1,Rural
2130,90,0,1,0,0,0,Suburban
2131,33,1,0,0,1,0,Rural
2132,91,0,1,0,1,0,Suburban
2133,56,1,1,1,1,1,Urban
2134,114,0,0,1,1,1,Suburban
2135,12,1,1,1,0,1,Urban
2136,2,0,0,1,0,1,Urban
2137,1,1,0,1,1,0,Urban
2138,65,0,0,0,0,0,Rural
2139,121,1,0,0,1,1,Rural
2140,33,1,1,0,0,0,Rural
2141,86,1,1,0,1,0,Suburban
2142,76,1,1,1,0,1,Rural
2143,103,1,1,1,1,0,Urban
2144,36,1,0,1,1,1,Suburban
2145,21,0,0,1,0,1,Suburban
2146,84,0,0,0,0,0,Urban
2147,36,1,1,1,0,1,Suburban
2148,26,1,1,1,0,1,Suburban
2149,47,1,1,1,0,0,Urban
2150,95,0,1,1,0,1,Urban
2151,1,0,0,1,1,0,Urban
2152,38,1,1,0,0,0,Suburban
2153,14,0,1,1,1,0,Urban
2154,90,1,1,1,1,0,Suburban
2155,46,1,0,1,0,1,Urban
2156,42,0,0,1,0,0,Suburban
2157,7,1,1,1,1,0,Urban
2158,55,1,1,0,0,1,Suburban
2159,56,1,1,1,1,1,Urban
2160,119,1,1,1,1,1,Rural
2161,118,0,0,1,0,0,Urban
2162,76,1,0,1,1,1,Rural
2163,63,1,1,1,0,1,Urban
2164,24,1,1,1,0,0,Urban
2165,83,1,0,1,1,0,Suburban
2166,73,1,1,0,1,0,Urban
2167,99,0,0,1,1,0,Suburban
2168,4,1,1,1,1,1,Suburban
2169,109,1,1,1,1,0,Suburban
2170,42,1,1,1,1,0,Suburban
2171,96,0,1,0,0,0,Suburban
2172,110,0,0,0,1,0,Suburban
2173,70,1,1,1,1,1,Rural
2174,28,1,1,0,0,1,Urban
2175,92,0,1,0,1,1,Urban
2176,40,0,1,0,0,0,Suburban
2177,51,1,1,1,1,1,Suburban
2178,29,1,1,1,1,1,Rural
2179,42,0,0,1,1,0,Suburban
2180,118,0,1,0,0,0,Urban
2181,69,1,1,1,1,0,Urban
2182,5,1,0,1,0,0,Rural
2183,101,1,1,1,1,0,Urban
2184,41,0,0,1,1,0,Suburban
2185,61,1,1,1,1,0,Rural
2186,55,1,0,0,1,1,Suburban
2187,28,1,0,1,1,1,Urban
2188,41,0,0,0,0,0,Suburban
2189,111,1,0,1,0,0,Suburban
2190,9,1,1,1,1,1,Suburban
2191,29,1,0,1,0,1,Rural
2192,78,0,1,1,0,0,Suburban
2193,38,1,1,1,1,0,Suburban
2194,62,1,1,1,0,0,Rural
2195,54,1,1,1,0,1,Urban
2196,52,1,1,0,1,1,Urban
2197,104,1,1,1,0,1,Urban
2198,34,1,1,1,0,1,Urban
2199,37,1,0,1,0,0,Urban
2200,49,1,0,1,1,1,Suburban
2201,42,1,1,1,1,0,Suburban
2202,14,1,1,1,1,0,Urban
2203,82,1,1,1,0,1,Rural
2204,33,1,1,1,1,0,Rural
2205,118,1,1,1,1,0,Urban
2206,98,1,1,0,1,0,Rural
2207,92,1,1,1,1,1,Urban
2208,100,0,0,1,0,0,Suburban
2209,109,1,1,0,0,0,Suburban
2210,112,1,1,1,0,0,Suburban
2211,101,1,1,1,0,0,Urban
2212,87,1,1,1,1,1,Urban
2213,106,1,1,1,1,0,Urban
2214,17,1,0,1,1,0,Urban
2215,75,1,1,1,0,1,Suburban
2216,32,1,1,0,0,0,Suburban
2217,101,0,0,0,0,0,Urban
2218,79,1,0,1,0,0,Suburban
2219,68,1,0,1,0,1,Urban
2220,39,1,1,1,1,1,Urban
2221,94,1,0,1,0,1,Urban
2222,10,1,1,1,1,1,Urban
2223,87,1,1,1,0,1,Urban
2224,24,1,1,1,1,0,Urban
2225,100,1,1,1,1,0,Suburban
2226,116,1,1,0,0,1,Urban
2227,58,1,1,1,1,0,Urban
2228,69,0,0,0,1,0,Urban
2229,101,1,0,0,1,0,Urban
2230,107,1,0,1,1,0,Rural
2231,64,1,1,0,0,0,Suburban
2232,19,1,0,1,1,0,Rural
2233,101,1,1,1,1,0,Urban
2234,117,1,0,1,0,1,Suburban
2235,8,1,1,1,0,1,Suburban
2236,71,1,0,1,1,1,Rural
2237,40,1,1,1,0,0,Suburban
2238,13,1,0,1,1,1,Rural
2239,101,1,0,1,1,0,Urban
2240,27,1,1,1,1,0,Urban
2241,82,1,1,1,0,1,Rural
2242,88,1,0,1,0,1,Urban
2243,105,0,1,1,0,1,Rural
2244,2,1,0,1,1,1,Urban
2245,16,1,1,1,1,0,Suburban
2246,14,1,1,0,1,0,Urban
2247,17,1,1,1,1,0,Urban
2248,60,0,1,1,0,0,Urban
2249,70,1,0,1,0,1,Rural
2250,99,1,1,0,1,0,Suburban
2251,17,1,1,1,0,0,Urban
2252,45,1,1,1,0,0,Urban
2253,38,1,1,1,0,0,Suburban
2254,104,1,0,1,0,1,Urban
2255,64,1,0,1,0,0,Suburban
2256,121,1,1,1,1,1,Rural
2257,6,1,0,0,1,0,Rural
2258,60,1,0,1,1,0,Urban
2259,112,1,1,1,1,0,Suburban
2260,102,0,0,0,1,1,Urban
2261,49,1,1,1,1,1,Suburban
2262,21,1,1,0,0,1,Suburban
2263,99,1,0,1,1,0,Suburban
2264,23,0,1,0,0,0,Urban
2265,76,0,0,1,0,1,Rural
2266,57,0,0,0,0,0,Rural
2267,64,1,1,0,1,0,Suburban
2268,29,1,0,1,0,1,Rural
2269,27,1,1,1,0,0,Urban
2270,6,1,1,1,0,0,Rural
2271,21,0,0,0,1,1,Suburban
2272,71,1,0,1,1,1,Rural
2273,107,1,1,1,1,0,Rural
2274,41,1,1,1,0,0,Suburban
2275,80,1,0,1,0,0,Urban
2276,5,1,0,1,1,0,Rural
2277,15,0,0,0,0,0,Suburban
2278,21,1,1,1,1,1,Suburban
2279,58,0,1,0,1,0,Urban
2280,4,1,1,1,1,1,Suburban
2281,69,0,0,1,1,0,Urban
2282,7,1,1,1,0,0,Urban
2283,35,1,1,1,0,1,Suburban
2284,36,1,0,0,1,1,Suburban
2285,121,1,1,0,0,1,Rural
2286,15,1,0,1,0,0,Suburban
2287,92,1,0,1,0,1,Urban
2288,2,1,0,1,0,1,Urban
2289,120,1,1,0,0,1,Rural
2290,57,0,1,0,0,0,Rural
2291,5,1,0,0,1,0,Rural
2292,71,1,0,1,1,1,Rural
2293,86,0,0,1,1,0,Suburban
2294,113,1,1,1,1,1,Urban
2295,95,0,0,1,0,1,Urban
2296,32,1,0,1,0,0,Suburban
2297,72,0,0,1,0,0,Suburban
2298,41,0,0,1,1,0,Suburban
2299,42,1,0,0,1,0,Suburban
2300,75,0,0,0,0,1,Suburban
2301,65,0,1,1,0,0,Rural
2302,111,0,1,1,1,0,Suburban
2303,40,1,1,1,1,0,Suburban
2304,83,1,1,0,1,0,Suburban
2305,108,0,1,0,0,1,Suburban
2306,38,1,1,0,0,0,Suburban
2307,42,1,1,0,1,0,Suburban
2308,120,0,1,1,1,1,Rural
2309,37,0,0,1,1,0,Urban
2310,56,0,0,1,1,1,Urban
2311,71,1,1,1,1,1,Rural
2312,103,0,0,0,1,0,Urban
2313,55,0,1,1,0,1,Suburban
2314,89,1,1,1,0,1,Suburban
2315,54,1,1,1,1,1,Urban
2316,22,0,1,0,0,0,Urban
2317,27,1,0,1,1,0,Urban
2318,105,1,0,1,1,1,Rural
2319,47,1,1,1,1,0,Urban
2320,38,1,1,1,0,0,Suburban
2321,112,1,1,1,0,0,Suburban
2322,39,1,1,0,1,1,Urban
2323,15,1,1,1,1,0,Suburban
2324,119,1,1,0,1,1,Rural
2325,66,1,0,1,0,1,Suburban
2326,61,0,0,1,0,0,Rural
2327,60,1,1,0,1,0,Urban
2328,8,1,0,1,1,1,Suburban
2329,44,1,1,1,1,1,Rural
2330,43,0,1,0,0,0,Urban
2331,6,1,1,1,0,0,Rural
2332,84,0,0,0,0,0,Urban
2333,27,1,0,1,1,0,Urban
2334,45,0,0,1,1,0,Urban
2335,23,0,1,1,0,0,Urban
2336,112,0,0,0,0,0,Suburban
2337,104,1,1,1,1,1,Urban
2338,81,1,0,0,0,1,Urban
2339,122,1,1,0,1,1,Urban
2340,13,1,1,1,1,1,Rural
2341,68,1,1,1,0,1,Urban
2342,84,0,0,1,0,0,Urban
2343,106,1,1,1,1,0,Urban
2344,64,1,0,1,0,0,Suburban
2345,25,1,1,1,0,0,Suburban
2346,86,1,0,0,1,0,Suburban
2347,52,1,0,0,1,1,Urban
2348,48,0,0,0,1,1,Suburban
2349,61,1,1,0,0,0,Rural
2350,17,1,1,1,0,0,Urban
2351,40,1,1,1,0,0,Suburban
2352,75,1,0,0,0,1,Suburban
2353,89,1,1,1,1,1,Suburban
2354,69,1,1,0,0,0,Urban
2355,85,1,1,1,1,0,Urban
2356,26,1,1,1,0,1,Suburban
2357,80,0,0,0,0,0,Urban
2358,56,1,1,0,1,1,Urban
2359,40,1,0,1,0,0,Suburban
2360,85,0,1,0,0,0,Urban
2361,112,1,1,1,0,0,Suburban
2362,96,1,1,1,0,0,Suburban
2363,68,1,1,0,0,1,Urban
2364,102,1,1,1,0,1,Urban
2365,122,1,0,1,1,1,Urban
2366,117,1,1,1,1,1,Suburban
2367,8,1,0,1,1,1,Suburban
2368,73,1,1,1,0,0,Urban
2369,45,1,1,1,1,0,Urban
2370,17,1,0,1,0,0,Urban
2371,41,1,1,0,1,0,Suburban
2372,77,1,1,1,1,1,Rural
2373,9,0,1,0,0,1,Suburban
2374,70,1,1,1,1,1,Rural
2375,91,1,0,1,1,0,Suburban
2376,106,1,1,1,1,0,Urban
2377,101,0,0,1,0,0,Urban
2378,103,1,0,1,1,0,Urban
2379,107,1,1,1,1,0,Rural
2380,24,1,0,1,0,0,Urban
2381,73,1,1,1,1,0,Urban
2382,121,0,0,1,0,1,Rural
2383,106,1,1,1,0,0,Urban
2384,11,0,0,1,1,0,Urban
2385,35,1,1,0,1,1,Suburban
2386,29,1,1,1,1,1,Rural
2387,8,1,0,1,1,1,Suburban
2388,17,1,0,1,0,0,Urban
2389,71,1,1,0,0,1,Rural
2390,12,1,1,1,1,1,Urban
2391,112,0,0,0,0,0,Suburban
2392,79,1,0,1,1,0,Suburban
2393,117,1,0,0,1,1,Suburban
2394,93,0,0,0,0,1,Suburban
2395,109,0,0,0,0,0,Suburban
2396,50,1,0,1,1,0,Urban
2397,114,1,1,1,1,1,Suburban
2398,24,1,1,1,1,0,Urban
2399,37,1,0,1,1,0,Urban
2400,78,0,0,0,0,0,Suburban
2401,11,1,1,1,0,0,Urban
2402,99,1,1,1,0,0,Suburban
2403,81,0,0,1,0,1,Urban
2404,59,1,1,1,0,0,Urban
2405,55,1,1,1,0,1,Suburban
2406,27,1,1,0,0,0,Urban
2407,108,1,1,1,0,1,Suburban
2408,67,1,1,1,0,0,Suburban
2409,119,1,1,1,1,1,Rural
2410,60,1,1,1,1,0,Urban
2411,2,1,0,1,0,1,Urban
2412,68,0,1,1,1,1,Urban
2413,18,0,0,0,0,1,Rural
2414,20,0,0,0,1,0,Urban
2415,85,0,1,0,0,0,Urban
2416,63,1,0,1,1,1,Urban
2417,78,1,1,0,0,0,Suburban
2418,72,0,0,0,1,0,Suburban
2419,2,0,1,0,0,1,Urban
2420,90,1,0,1,1,0,Suburban
2421,83,0,0,0,0,0,Suburban
2422,42,1,1,0,0,0,Suburban
2423,28,1,1,0,1,1,Urban
2424,29,1,0,1,0,1,Rural
2425,69,1,0,0,1,0,Urban
2426,107,0,1,0,0,0,Rural
2427,28,1,0,1,0,1,Urban
2428,60,1,1,1,1,0,Urban
2429,105,1,0,0,0,1,Rural
2430,112,1,1,1,0,0,Suburban
2431,90,0,0,1,1,0,Suburban
2432,5,1,1,1,1,0,Rural
2433,15,1,1,0,1,0,Suburban
2434,110,1,1,1,0,0,Suburban
2435,73,1,1,1,1,0,Urban
2436,32,1,1,1,0,0,Suburban
2437,52,1,1,0,0,1,Urban
2438,90,1,0,1,1,0,Suburban
2439,37,0,1,0,0,0,Urban
2440,15,1,1,0,0,0,Suburban
2441,41,0,1,1,0,0,Suburban
2442,4,1,1,1,1,1,Suburban
2443,117,1,1,1,1,1,Suburban
2444,53,1,1,1,1,1,Suburban
2445,100,1,1,1,0,0,Suburban
2446,84,1,1,0,1,0,Urban
2447,27,1,1,0,1,0,Urban
2448,21,1,1,1,0,1,Suburban
2449,60,1,1,1,0,0,Urban
2450,86,1,1,1,0,0,Suburban
2451,64,0,0,1,0,0,Suburban
2452,71,1,1,1,1,1,Rural
2453,47,1,0,0,0,0,Urban
2454,54,1,1,0,0,1,Urban
2455,31,1,0,1,1,1,Urban
2456,17,0,0,0,1,0,Urban
2457,50,1,1,1,1,0,Urban
2458,7,0,0,0,0,0,Urban
2459,83,1,1,1,0,0,Suburban
2460,28,1,1,1,0,1,Urban
2461,10,0,0,0,0,1,Urban
2462,27,0,0,1,0,0,Urban
2463,13,1,1,0,1,1,Rural
2464,66,1,1,1,0,1,Suburban
2465,86,1,1,1,0,0,Suburban
2466,84,1,1,1,0,0,Urban
2467,60,1,0,1,1,0,Urban
2468,43,0,1,1,1,0,Urban
2469,69,1,1,1,1,0,Urban
2470,63,1,1,1,0,1,Urban
2471,70,1,1,1,0,1,Rural
2472,99,0,1,0,0,0,Suburban
2473,65,0,0,1,0,0,Rural
2474,99,0,0,0,1,0,Suburban
2475,67,1,0,1,1,0,Suburban
2476,54,1,1,1,1,1,Urban
2477,36,1,0,1,1,1,Suburban
2478,71,1,0,1,1,1,Rural
2479,93,0,0,1,0,1,Suburban
2480,15,1,1,1,1,0,Suburban
2481,75,1,1,1,0,1,Suburban
2482,18,1,1,1,1,1,Rural
2483,108,1,1,0,0,1,Suburban
2484,4,1,1,1,0,1,Suburban
2485,88,1,1,1,1,1,Urban
2486,11,1,1,1,0,0,Urban
2487,6,1,0,0,0,0,Rural
2488,122,1,1,1,0,1,Urban
2489,51,1,1,1,0,1,Suburban
2490,58,0,0,1,1,0,Urban
2491,60,0,0,1,1,0,Urban
2492,18,1,0,1,0,1,Rural
2493,79,0,0,0,0,0,Suburban
2494,67,1,1,1,1,0,Suburban
2495,17,0,0,1,0,0,Urban
2496,97,1,1,1,0,1,Suburban
2497,34,1,1,1,0,1,Urban
2498,30,1,1,1,1,0,Urban
2499,19,1,1,1,0,0,Rural
2500,9,1,1,1,0,1,Suburban
2501,40,0,0,1,0,0,Suburban
2502,44,1,0,1,0,1,Rural
2503,95,1,1,0,1,1,Urban
2504,59,1,1,1,0,0,Urban
2505,91,0,0,1,0,0,Suburban
2506,111,0,0,1,0,0,Suburban
2507,25,1,1,1,0,0,Suburban
2508,119,1,0,1,1,1,Rural
2509,71,1,1,1,1,1,Rural
2510,53,1,1,0,0,1,Suburban
2511,48,0,0,0,0,1,Suburban
2512,71,1,1,1,0,1,Rural
2513,84,1,1,0,1,0,Urban
2514,53,0,0,0,1,1,Suburban
2515,108,1,0,1,0,1,Suburban
2516,49,0,1,0,1,1,Suburban
2517,43,1,1,1,1,0,Urban
2518,100,1,1,1,1,0,Suburban
2519,19,1,0,1,0,0,Rural
2520,66,0,1,1,0,1,Suburban
2521,34,1,1,1,0,1,Urban
2522,120,1,0,1,1,1,Rural
2523,81,0,1,0,1,1,Urban
2524,88,0,1,0,1,1,Urban
2525,73,0,1,0,0,0,Urban
2526,54,0,0,0,0,1,Urban
2527,1,0,1,0,0,0,Urban
2528,106,1,1,1,1,0,Urban
2529,92,1,0,1,0,1,Urban
2530,55,1,1,1,0,1,Suburban
2531,15,1,1,0,1,0,Suburban
2532,85,1,1,1,0,0,Urban
2533,15,1,1,0,0,0,Suburban
2534,121,1,1,1,0,1,Rural
2535,23,1,1,1,1,0,Urban
2536,117,1,1,0,1,1,Suburban
2537,66,1,1,1,1,1,Suburban
2538,46,0,0,1,0,1,Urban
2539,100,1,0,1,1,0,Suburban
2540,114,1,0,1,1,1,Suburban
2541,9,0,0,0,1,1,Suburban
2542,66,1,1,1,1,1,Suburban
2543,66,1,0,1,0,1,Suburban
2544,18,1,1,1,0,1,Rural
2545,17,0,0,0,0,0,Urban
2546,105,1,0,1,1,1,Rural
2547,72,1,0,1,1,0,Suburban
2548,98,1,0,0,1,0,Rural
2549,34,1,1,1,0,1,Urban
2550,69,1,1,0,0,0,Urban
2551,64,0,1,1,0,0,Suburban
2552,44,1,1,1,1,1,Rural
2553,29,1,1,1,0,1,Rural
2554,62,0,0,0,1,0,Rural
2555,92,0,0,0,0,1,Urban
2556,16,1,1,1,0,0,Suburban
2557,78,1,0,1,1,0,Suburban
2558,52,1,0,0,0,1,Urban
2559,2,0,0,1,0,1,Urban
2560,120,1,0,0,0,1,Rural
2561,104,1,1,1,0,1,Urban
2562,61,0,0,0,1,0,Rural
2563,4,1,0,1,1,1,Suburban
2564,52,1,1,1,0,1,Urban
2565,41,1,1,1,1,0,Suburban
2566,52,0,0,0,0,1,Urban
2567,31,1,1,1,1,1,Urban
2568,26,0,0,1,1,1,Suburban
2569,27,0,0,1,1,0,Urban
2570,121,1,1,1,0,1,Rural
2571,51,1,1,0,0,1,Suburban
2572,98,0,0,0,0,0,Rural
2573,95,1,1,1,1,1,Urban
2574,48,1,1,0,1,1,Suburban
2575,11,0,1,0,0,0,Urban
2576,8,1,1,0,1,1,Suburban
2577,12,0,0,1,0,1,Urban
2578,99,0,1,0,0,0,Suburban
2579,45,0,0,1,0,0,Urban
2580,34,1,1,1,0,1,Urban
2581,77,1,1,0,0,1,Rural
2582,91,1,0,1,1,0,Suburban
2583,72,0,0,1,0,0,Suburban
2584,47,1,1,0,0,0,Urban
2585,120,1,1,0,1,1,Rural
2586,21,1,1,1,0,1,Suburban
2587,41,0,1,0,1,0,Suburban
2588,75,1,0,1,0,1,Suburban
2589,22,1,1,1,1,0,Urban
2590,21,1,1,0,1,1,Suburban
2591,28,1,1,1,0,1,Urban
2592,67,0,0,1,1,0,Suburban
2593,71,1,0,1,1,1,Rural
2594,14,0,1,1,1,0,Urban
2595,79,1,0,1,0,0,Suburban
2596,73,1,1,0,0,0,Urban
2597,52,0,1,0,1,1,Urban
2598,43,1,0,1,1,0,Urban
2599,71,0,0,0,0,1,Rural
2600,76,0,0,1,0,1,Rural
2601,19,0,1,1,0,0,Rural
2602,27,1,1,0,0,0,Urban
2603,18,1,0,1,0,1,Rural
2604,13,1,1,1,0,1,Rural
2605,107,0,1,1,0,0,Rural
2606,1,1,1,1,0,0,Urban
2607,102,1,0,0,1,1,Urban
2608,85,1,1,1,0,0,Urban
2609,34,1,1,1,0,1,Urban
2610,13,1,0,1,0,1,Rural
2611,109,0,1,1,1,0,Suburban
2612,115,0,1,1,1,1,Urban
2613,105,1,1,1,1,1,Rural
2614,51,0,1,0,0,1,Suburban
2615,87,1,1,0,1,1,Urban
2616,1,1,1,1,0,0,Urban
2617,87,1,0,1,0,1,Urban
2618,121,1,1,1,1,1,Rural
2619,28,1,0,0,1,1,Urban
2620,32,1,1,0,1,0,Suburban
2621,72,1,1,1,1,0,Suburban
2622,55,1,1,0,1,1,Suburban
2623,26,1,1,1,0,1,Suburban
2624,14,1,0,1,0,0,Urban
2625,88,1,1,1,0,1,Urban
2626,112,1,1,1,1,0,Suburban
2627,93,1,0,1,0,1,Suburban
2628,68,0,0,1,1,1,Urban
2629,63,1,0,1,0,1,Urban
2630,82,1,1,1,0,1,Rural
2631,14,1,0,1,0,0,Urban
2632,27,0,1,1,0,0,Urban
2633,41,1,1,1,1,0,Suburban
2634,111,1,1,1,0,0,Suburban
2635,3,1,1,1,0,1,Urban
2636,94,1,1,1,0,1,Urban
2637,59,1,1,1,0,0,Urban
2638,100,0,0,1,0,0,Suburban
2639,23,1,1,1,0,0,Urban
2640,18,1,1,1,1,1,Rural
2641,110,1,1,0,0,0,Suburban
2642,111,1,0,1,0,0,Suburban
2643,104,1,1,1,1,1,Urban
2644,74,1,1,1,0,1,Urban
2645,120,1,0,1,0,1,Rural
2646,76,1,0,1,1,1,Rural
2647,117,0,1,1,0,1,Suburban
2648,41,1,0,1,1,0,Suburban
2649,8,0,0,0,0,1,Suburban
2650,32,1,0,1,1,0,Suburban
2651,81,1,1,1,1,1,Urban
2652,41,1,0,1,0,0,Suburban
2653,45,1,1,0,0,0,Urban
2654,78,1,1,0,0,0,Suburban
2655,101,1,1,1,0,0,Urban
2656,9,0,1,0,1,1,Suburban
2657,121,1,1,1,1,1,Rural
2658,122,0,0,0,0,1,Urban
2659,90,0,1,0,1,0,Suburban
2660,48,1,1,1,0,1,Suburban
2661,115,1,1,0,1,1,Urban
2662,24,1,1,1,1,0,Urban
2663,87,1,0,1,1,1,Urban
2664,95,1,1,1,0,1,Urban
2665,103,1,1,0,1,0,Urban
2666,44,0,1,1,0,1,Rural
2667,58,1,1,1,1,0,Urban
2668,66,0,1,0,0,1,Suburban
2669,114,1,0,1,0,1,Suburban
2670,18,1,0,1,1,1,Rural
2671,80,1,1,1,1,0,Urban
2672,29,0,0,1,0,1,Rural
2673,75,0,0,1,1,1,Suburban
2674,2,0,0,1,1,1,Urban
2675,78,1,1,0,1,0,Suburban
2676,68,1,1,0,1,1,Urban
2677,103,1,1,1,0,0,Urban
2678,98,1,0,1,1,0,Rural
2679,117,0,0,1,0,1,Suburban
2680,110,1,1,1,0,0,Suburban
2681,39,1,1,1,1,1,Urban
2682,73,1,0,1,1,0,Urban
2683,104,0,0,0,1,1,Urban
2684,41,1,0,1,1,0,Suburban
2685,71,1,0,1,1,1,Rural
2686,115,1,1,0,0,1,Urban
2687,81,1,1,1,1,1,Urban
2688,122,0,0,1,0,1,Urban
2689,87,1,1,1,1,1,Urban
2690,109,1,1,1,1,0,Suburban
2691,75,1,0,0,1,1,Suburban
2692,22,1,1,1,0,0,Urban
2693,82,0,0,0,1,1,Rural
2694,49,1,1,0,1,1,Suburban
2695,28,0,0,0,1,1,Urban
2696,16,0,1,0,0,0,Suburban
2697,106,1,1,1,1,0,Urban
2698,68,1,0,1,1,1,Urban
2699,62,1,1,1,1,0,Rural
2700,36,1,0,1,1,1,Suburban
2701,22,0,0,0,0,0,Urban
2702,11,0,1,1,0,0,Urban
2703,85,0,1,0,0,0,Urban
2704,121,1,1,0,0,1,Rural
2705,104,1,1,0,1,1,Urban
2706,105,0,0,0,0,1,Rural
2707,80,1,0,1,0,0,Urban
2708,42,0,0,1,0,0,Suburban
2709,55,1,0,1,1,1,Suburban
2710,73,0,1,1,0,0,Urban
2711,35,1,0,1,0,1,Suburban
2712,57,0,0,0,0,0,Rural
2713,34,0,0,0,0,1,Urban
2714,73,1,0,1,1,0,Urban
2715,77,1,1,1,0,1,Rural
2716,70,1,0,1,1,1,Rural
2717,4,1,1,1,1,1,Suburban
2718,46,0,1,1,1,1,Urban
2719,92,1,1,1,1,1,Urban
2720,11,0,0,1,1,0,Urban
2721,98,1,0,1,0,0,Rural
2722,61,1,0,1,1,0,Rural
2723,122,1,0,1,0,1,Urban
2724,35,1,1,1,0,1,Suburban
2725,69,1,0,1,1,0,Urban
2726,57,1,1,1,1,0,Rural
2727,103,0,1,0,1,0,Urban
2728,11,1,1,1,1,0,Urban
2729,12,1,0,1,0,1,Urban
2730,43,0,0,0,1,0,Urban
2731,19,1,1,1,0,0,Rural
2732,77,1,1,0,0,1,Rural
2733,68,0,0,1,1,1,Urban
2734,78,1,1,1,0,0,Suburban
2735,108,1,0,1,1,1,Suburban
2736,59,1,0,1,1,0,Urban
2737,2,1,1,1,0,1,Urban
2738,8,1,1,1,1,1,Suburban
2739,22,1,0,1,1,0,Urban
2740,115,1,0,1,0,1,Urban
2741,77,1,1,1,0,1,Rural
2742,21,1,0,1,1,1,Suburban
2743,85,1,1,1,0,0,Urban
2744,92,1,1,1,1,1,Urban
2745,97,1,0,1,0,1,Suburban
2746,29,1,0,0,1,1,Rural
2747,101,0,1,1,1,0,Urban
2748,86,1,0,1,0,0,Suburban
2749,122,1,1,1,1,1,Urban
2750,90,1,1,1,1,0,Suburban
2751,75,0,1,0,1,1,Suburban
2752,75,0,0,1,1,1,Suburban
2753,109,1,1,1,1,0,Suburban
2754,98,1,1,1,1,0,Rural
2755,83,1,1,0,1,0,Suburban
2756,112,1,0,1,1,0,Suburban
2757,122,0,0,0,0,1,Urban
2758,37,0,0,0,1,0,Urban
2759,78,1,1,1,0,0,Suburban
2760,29,1,0,0,0,1,Rural
2761,83,0,1,1,0,0,Suburban
2762,37,1,0,0,0,0,Urban
2763,21,1,0,1,0,1,Suburban
2764,88,1,1,1,0,1,Urban
2765,90,0,0,1,0,0,Suburban
2766,105,1,1,0,1,1,Rural
2767,120,1,1,1,0,1,Rural
2768,12,1,1,1,0,1,Urban
2769,48,1,1,1,0,1,Suburban
2770,83,1,1,1,0,0,Suburban
2771,47,1,0,1,0,0,Urban
2772,113,1,1,1,1,1,Urban
2773,94,1,0,1,1,1,Urban
2774,15,0,1,1,1,0,Suburban
2775,67,1,1,1,1,0,Suburban
2776,113,1,0,1,0,1,Urban
2777,13,1,1,1,0,1,Rural
2778,59,1,1,0,0,0,Urban
2779,73,0,0,1,1,0,Urban
2780,13,1,1,0,0,1,Rural
2781,80,0,1,0,1,0,Urban
2782,115,0,1,1,0,1,Urban
2783,78,0,0,1,0,0,Suburban
2784,72,0,0,0,1,0,Suburban
2785,118,1,0,1,1,0,Urban
2786,19,0,0,1,1,0,Rural
2787,57,1,1,1,1,0,Rural
2788,120,1,1,1,1,1,Rural
2789,32,0,0,0,1,0,Suburban
2790,99,1,1,1,1,0,Suburban
2791,87,0,1,1,0,1,Urban
2792,21,1,1,1,1,1,Suburban
2793,82,1,1,1,1,1,Rural
2794,112,1,0,1,0,0,Suburban
2795,14,1,1,1,1,0,Urban
2796,80,1,1,0,1,0,Urban
2797,24,1,1,1,0,0,Urban
2798,49,0,0,0,0,1,Suburban
2799,116,1,1,1,0,1,Urban
2800,32,1,1,1,1,0,Suburban
2801,75,1,0,1,1,1,Suburban
2802,109,1,0,1,0,0,Suburban
2803,11,1,1,1,1,0,Urban
2804,60,1,1,1,0,0,Urban
2805,68,1,1,0,1,1,Urban
2806,61,0,1,0,0,0,Rural
2807,90,0,1,1,0,0,Suburban
2808,110,1,1,1,1,0,Suburban
2809,5,1,1,1,0,0,Rural
2810,36,1,1,1,0,1,Suburban
2811,97,0,0,1,0,1,Suburban
2812,64,1,0,1,0,0,Suburban
2813,78,0,0,0,0,0,Suburban
2814,32,0,1,0,1,0,Suburban
2815,71,1,1,1,1,1,Rural
2816,74,1,0,1,1,1,Urban
2817,66,1,1,1,1,1,Suburban
2818,10,1,1,0,0,1,Urban
2819,99,0,1,1,0,0,Suburban
2820,21,0,0,1,0,1,Suburban
2821,40,0,0,0,1,0,Suburban
2822,42,1,1,1,1,0,Suburban
2823,72,1,1,1,0,0,Suburban
2824,46,1,0,1,0,1,Urban
2825,82,1,1,1,1,1,Rural
2826,73,1,0,1,1,0,Urban
2827,118,1,0,1,1,0,Urban
2828,41,1,0,1,0,0,Suburban
2829,94,1,1,1,1,1,Urban
2830,4,1,1,0,0,1,Suburban
2831,99,1,1,1,1,0,Suburban
2832,14,1,0,1,1,0,Urban
2833,14,1,0,1,1,0,Urban
2834,53,1,1,0,0,1,Suburban
2835,112,0,1,0,0,0,Suburban
2836,101,1,0,1,0,0,Urban
2837,84,1,0,1,0,0,Urban
2838,29,0,0,0,1,1,Rural
2839,23,1,1,1,1,0,Urban
2840,120,1,1,1,0,1,Rural
2841,111,0,0,0,0,0,Suburban
2842,85,0,0,1,0,0,Urban
2843,31,0,1,0,1,1,Urban
2844,96,1,1,0,1,0,Suburban
2845,105,1,1,1,0,1,Rural
2846,71,1,1,0,0,1,Rural
2847,77,1,1,0,1,1,Rural
2848,61,1,0,1,1,0,Rural
2849,23,0,1,1,0,0,Urban
2850,8,1,0,1,1,1,Suburban
2851,76,1,1,1,1,1,Rural
2852,100,1,0,0,1,0,Suburban
2853,16,0,0,1,1,0,Suburban
2854,26,1,1,1,0,1,Suburban
2855,29,1,1,1,1,1,Rural
2856,93,1,1,0,0,1,Suburban
2857,6,1,1,1,0,0,Rural
2858,37,0,0,1,0,0,Urban
2859,33,1,0,1,0,0,Rural
2860,95,0,1,1,0,1,Urban
2861,46,1,1,1,1,1,Urban
2862,61,1,1,1,1,0,Rural
2863,41,1,0,1,1,0,Suburban
2864,18,1,1,1,0,1,Rural
2865,102,1,1,0,0,1,Urban
2866,111,1,0,1,1,0,Suburban
2867,95,1,0,1,0,1,Urban
2868,16,1,1,1,1,0,Suburban
2869,104,1,0,1,0,1,Urban
2870,51,1,1,1,1,1,Suburban
2871,37,1,1,1,0,0,Urban
2872,14,1,0,1,1,0,Urban
2873,103,1,0,1,1,0,Urban
2874,68,1,1,1,1,1,Urban
2875,30,0,1,0,1,0,Urban
2876,60,1,1,1,0,0,Urban
2877,53,1,1,1,1,1,Suburban
2878,97,1,1,1,0,1,Suburban
2879,36,1,1,1,1,1,Suburban
2880,30,1,1,1,0,0,Urban
2881,64,1,0,1,1,0,Suburban
2882,14,1,0,1,1,0,Urban
2883,23,1,0,1,0,0,Urban
2884,48,1,1,1,0,1,Suburban
2885,28,1,0,0,0,1,Urban
2886,122,1,0,1,1,1,Urban
2887,7,1,0,1,0,0,Urban
2888,42,0,0,0,1,0,Suburban
2889,10,0,0,1,1,1,Urban
2890,68,1,1,1,1,1,Urban
2891,44,1,1,1,1,1,Rural
2892,102,0,0,1,0,1,Urban
2893,13,1,0,1,1,1,Rural
2894,85,0,0,0,1,0,Urban
2895,33,1,1,1,1,0,Rural
2896,104,1,1,1,1,1,Urban
2897,92,1,1,0,1,1,Urban
2898,87,0,0,0,0,1,Urban
2899,32,1,1,1,1,0,Suburban
2900,48,1,1,1,1,1,Suburban
2901,5,1,1,1,1,0,Rural
2902,61,1,1,1,1,0,Rural
2903,122,1,0,1,0,1,Urban
2904,90,0,0,1,1,0,Suburban
2905,103,1,0,0,1,0,Urban
2906,90,0,1,1,0,0,Suburban
2907,3,0,0,1,1,1,Urban
2908,24,1,1,1,0,0,Urban
2909,117,1,0,1,1,1,Suburban
2910,98,1,1,1,0,0,Rural
2911,34,1,1,1,1,1,Urban
2912,84,0,0,0,0,0,Urban
2913,119,0,0,1,0,1,Rural
2914,94,1,1,1,0,1,Urban
2915,42,0,0,1,0,0,Suburban
2916,20,1,1,1,1,0,Urban
2917,41,0,1,1,0,0,Suburban
2918,82,0,1,0,1,1,Rural
2919,102,1,1,0,1,1,Urban
2920,20,1,1,1,1,0,Urban
2921,6,1,1,1,1,0,Rural
2922,122,0,1,0,0,1,Urban
2923,57,0,0,1,0,0,Rural
2924,42,1,1,1,1,0,Suburban
2925,25,1,0,1,0,0,Suburban
2926,41,1,1,0,1,0,Suburban
2927,41,1,0,1,0,0,Suburban
2928,3,1,1,0,1,1,Urban
2929,108,1,1,0,0,1,Suburban
2930,43,1,1,1,1,0,Urban
2931,46,1,1,0,0,1,Urban
2932,57,1,1,0,0,0,Rural
2933,83,0,0,1,1,0,Suburban
2934,74,0,0,1,0,1,Urban
2935,51,1,0,1,1,1,Suburban
2936,5,1,0,1,1,0,Rural
2937,86,1,1,1,0,0,Suburban
2938,73,1,1,1,1,0,Urban
2939,97,1,1,1,0,1,Suburban
2940,15,1,1,0,1,0,Suburban
2941,88,1,1,1,1,1,Urban
2942,94,1,1,1,1,1,Urban
2943,100,1,1,1,0,0,Suburban
2944,122,1,1,1,0,1,Urban
2945,39,1,0,1,1,1,Urban
2946,70,1,0,1,0,1,Rural
2947,79,1,1,1,0,0,Suburban
2948,38,1,0,0,1,0,Suburban
2949,39,1,0,0,1,1,Urban
2950,52,1,1,1,0,1,Urban
2951,86,0,1,0,0,0,Suburban
2952,3,1,1,0,0,1,Urban
2953,117,0,0,1,0,1,Suburban
2954,29,0,0,0,0,1,Rural
2955,93,1,1,0,0,1,Suburban
2956,31,1,1,1,1,1,Urban
2957,109,1,1,1,1,0,Suburban
2958,66,1,1,1,0,1,Suburban
2959,99,1,1,1,0,0,Suburban
2960,45,0,0,0,1,0,Urban
2961,73,1,0,1,0,0,Urban
2962,22,1,0,0,1,0,Urban
2963,83,1,0,0,1,0,Suburban
2964,114,1,0,1,1,1,Suburban
2965,101,1,1,1,0,0,Urban
2966,10,0,0,1,1,1,Urban
2967,110,1,1,1,1,0,Suburban
2968,21,1,0,1,1,1,Suburban
2969,17,1,1,1,1,0,Urban
2970,67,1,0,1,0,0,Suburban
2971,7,1,1,0,0,0,Urban
2972,105,1,1,1,1,1,Rural
2973,101,0,1,1,1,0,Urban
2974,36,1,1,1,1,1,Suburban
2975,67,0,0,0,1,0,Suburban
2976,122,1,0,1,0,1,Urban
2977,77,0,1,1,0,1,Rural
2978,105,1,1,0,1,1,Rural
2979,30,1,1,1,0,0,Urban
2980,87,1,1,1,1,1,Urban
2981,71,1,1,1,0,1,Rural
2982,94,1,0,0,1,1,Urban
2983,29,1,1,1,1,1,Rural
2984,72,1,1,1,0,0,Suburban
2985,74,1,1,1,0,1,Urban
2986,33,0,1,0,1,0,Rural
2987,59,0,1,1,1,0,Urban
2988,20,1,0,1,1,0,Urban
2989,93,1,1,0,0,1,Suburban
2990,29,1,1,1,0,1,Rural
2991,53,1,1,0,0,1,Suburban
2992,85,1,1,0,0,0,Urban
2993,1,1,1,0,1,0,Urban
2994,115,1,0,1,1,1,Urban
2995,34,1,0,1,0,1,Urban
2996,44,1,1,0,0,1,Rural
2997,119,1,1,0,0,1,Rural
2998,96,1,1,1,1,0,Suburban
2999,109,1,1,0,1,0,Suburban
3000,14,0,0,1,1,0,Urban
3001,37,0,0,1,0,0,Urban
3002,35,1,1,1,1,1,Suburban
3003,59,0,1,0,0,0,Urban
3004,24,1,1,1,0,0,Urban
3005,113,1,0,1,1,1,Urban
3006,65,0,0,0,1,0,Rural
3007,110,1,1,1,0,0,Suburban
3008,6,0,1,1,0,0,Rural
3009,113,0,0,1,0,1,Urban
3010,68,1,1,1,0,1,Urban
3011,38,1,1,1,1,0,Suburban
3012,1,0,1,0,1,0,Urban
3013,41,1,0,1,0,0,Suburban
3014,31,1,1,0,0,1,Urban
3015,36,1,1,1,0,1,Suburban
3016,73,1,0,1,1,0,Urban
3017,105,1,1,1,0,1,Rural
3018,54,1,1,1,1,1,Urban
3019,109,1,1,1,0,0,Suburban
3020,87,1,1,1,1,1,Urban
3021,31,1,0,1,1,1,Urban
3022,29,1,1,1,1,1,Rural
3023,113,1,1,1,1,1,Urban
3024,85,1,1,1,1,0,Urban
3025,3,1,0,0,1,1,Urban
3026,58,1,0,1,0,0,Urban
3027,90,1,1,1,0,0,Suburban
3028,61,1,1,0,0,0,Rural
3029,6,0,0,0,1,0,Rural
3030,20,1,1,1,1,0,Urban
3031,111,0,0,1,0,0,Suburban
3032,61,1,0,1,1,0,Rural
3033,46,1,0,1,1,1,Urban
3034,13,1,1,0,1,1,Rural
3035,105,1,1,0,1,1,Rural
3036,23,1,0,1,1,0,Urban
3037,79,0,1,0,0,0,Suburban
3038,110,1,1,1,0,0,Suburban
3039,31,1,0,1,1,1,Urban
3040,4,0,0,0,0,1,Suburban
3041,75,1,1,1,0,1,Suburban
3042,118,1,1,0,1,0,Urban
3043,66,1,1,0,1,1,Suburban
3044,16,1,0,1,1,0,Suburban
3045,115,0,0,1,0,1,Urban
3046,31,1,1,1,1,1,Urban
3047,48,1,1,1,0,1,Suburban
3048,103,1,0,1,0,0,Urban
3049,43,1,1,1,1,0,Urban
3050,108,0,1,0,0,1,Suburban
3051,4,1,0,1,0,1,Suburban
3052,62,1,1,1,1,0,Rural
3053,48,1,0,1,0,1,Suburban
3054,28,1,1,0,1,1,Urban
3055,122,1,1,1,1,1,Urban
3056,16,1,0,1,1,0,Suburban
3057,103,0,1,0,0,0,Urban
3058,89,1,0,1,1,1,Suburban
3059,77,1,1,1,0,1,Rural
3060,69,1,1,0,1,0,Urban
3061,30,1,1,1,0,0,Urban
3062,65,0,1,0,0,0,Rural
3063,69,1,1,1,1,0,Urban
3064,118,1,1,1,0,0,Urban
3065,14,1,1,0,0,0,Urban
3066,75,1,1,1,0,1,Suburban
3067,34,1,0,0,1,1,Urban
3068,56,0,0,0,0,1,Urban
3069,29,0,0,0,0,1,Rural
3070,82,1,1,0,0,1,Rural
3071,79,1,1,1,1,0,Suburban
3072,110,1,0,0,1,0,Suburban
3073,25,1,1,1,0,0,Suburban
3074,94,1,1,1,0,1,Urban
3075,109,0,0,0,0,0,Suburban
3076,66,0,0,1,0,1,Suburban
3077,115,1,1,1,0,1,Urban
3078,40,1,1,1,0,0,Suburban
3079,91,1,0,1,1,0,Suburban
3080,118,1,1,0,1,0,Urban
3081,113,1,0,1,0,1,Urban
3082,15,0,0,1,1,0,Suburban
3083,32,1,0,0,1,0,Suburban
3084,20,1,1,1,1,0,Urban
3085,53,1,1,1,1,1,Suburban
3086,78,0,0,1,0,0,Suburban
3087,91,1,0,1,0,0,Suburban
3088,67,1,0,1,1,0,Suburban
3089,49,0,1,0,0,1,Suburban
3090,67,1,1,1,0,0,Suburban
3091,77,1,0,0,0,1,Rural
3092,89,0,0,0,0,1,Suburban
3093,82,1,0,1,1,1,Rural
3094,1,0,0,1,0,0,Urban
3095,39,1,1,1,0,1,Urban
3096,61,1,0,1,0,0,Rural
3097,55,0,0,0,0,1,Suburban
3098,69,1,1,1,1,0,Urban
3099,2,1,0,1,0,1,Urban
3100,94,1,1,1,1,1,Urban
3101,17,1,1,1,1,0,Urban
3102,29,1,0,1,1,1,Rural
3103,117,1,1,1,0,1,Suburban
3104,106,1,1,1,0,0,Urban
3105,4,1,1,1,1,1,Suburban
3106,73,1,1,1,1,0,Urban
3107,64,0,1,0,0,0,Suburban
3108,85,1,1,1,0,0,Urban
3109,43,1,0,1,0,0,Urban
3110,122,1,1,1,1,1,Urban
3111,76,1,1,1,0,1,Rural
3112,12,1,1,0,1,1,Urban
3113,50,1,0,1,1,0,Urban
3114,68,1,1,1,1,1,Urban
3115,61,0,0,0,1,0,Rural
3116,92,1,0,0,0,1,Urban
3117,73,1,0,1,1,0,Urban
3118,104,1,1,1,1,1,Urban
3119,51,1,0,0,1,1,Suburban
3120,120,1,1,1,0,1,Rural
3121,96,0,0,0,1,0,Suburban
3122,77,0,0,0,0,1,Rural
3123,98,1,1,0,0,0,Rural
3124,83,1,1,1,1,0,Suburban
3125,78,1,1,0,1,0,Suburban
3126,5,1,0,1,1,0,Rural
3127,91,1,1,0,0,0,Suburban
3128,28,1,1,1,1,1,Urban
3129,90,1,1,1,0,0,Suburban
3130,10,1,0,1,1,1,Urban
3131,88,1,0,1,0,1,Urban
3132,81,0,0,1,1,1,Urban
3133,52,1,0,0,1,1,Urban
3134,80,1,1,1,0,0,Urban
3135,17,1,1,0,0,0,Urban
3136,65,1,0,1,1,0,Rural
3137,21,1,1,1,1,1,Suburban
3138,54,1,1,1,1,1,Urban
3139,111,1,1,1,1,0,Suburban
3140,49,1,1,0,0,1,Suburban
3141,107,1,1,1,0,0,Rural
3142,22,1,0,1,0,0,Urban
3143,69,0,1,1,0,0,Urban
3144,64,1,1,0,1,0,Suburban
3145,36,1,1,1,0,1,Suburban
3146,122,0,0,1,1,1,Urban
3147,21,1,1,1,1,1,Suburban
3148,56,1,0,1,1,1,Urban
3149,73,1,0,1,1,0,Urban
3150,91,0,1,0,0,0,Suburban
3151,48,1,0,1,1,1,Suburban
3152,76,1,0,1,0,1,Rural
3153,18,1,0,1,0,1,Rural
3154,118,1,0,1,1,0,Urban
3155,99,1,1,1,0,0,Suburban
3156,15,1,1,0,1,0,Suburban
3157,114,1,1,0,1,1,Suburban
3158,44,1,1,0,1,1,Rural
3159,94,0,0,0,0,1,Urban
3160,45,1,1,1,1,0,Urban
3161,97,1,0,1,0,1,Suburban
3162,36,0,0,1,1,1,Suburban
3163,40,1,0,1,0,0,Suburban
3164,51,1,0,1,1,1,Suburban
3165,117,1,1,1,0,1,Suburban
3166,30,0,1,1,0,0,Urban
3167,26,1,1,0,0,1,Suburban
3168,85,0,1,0,0,0,Urban
3169,101,1,1,0,1,0,Urban
3170,107,1,1,1,0,0,Rural
3171,121,1,0,1,0,1,Rural
3172,31,1,1,1,1,1,Urban
3173,120,1,1,1,0,1,Rural
3174,56,0,0,1,0,1,Urban
3175,61,1,1,1,1,0,Rural
3176,17,1,1,1,0,0,Urban
3177,81,1,0,1,0,1,Urban
3178,98,0,0,1,0,0,Rural
3179,24,1,0,1,0,0,Urban
3180,122,1,1,1,1,1,Urban
3181,97,1,0,1,0,1,Suburban
3182,4,1,0,1,1,1,Suburban
3183,9,1,1,1,0,1,Suburban
3184,2,1,0,1,0,1,Urban
3185,35,1,0,0,0,1,Suburban
3186,38,1,1,0,1,0,Suburban
3187,45,1,1,1,1,0,Urban
3188,15,0,0,1,1,0,Suburban
3189,107,1,0,1,1,0,Rural
3190,42,1,1,1,0,0,Suburban
3191,3,1,0,1,0,1,Urban
3192,31,1,1,1,0,1,Urban
3193,52,1,1,1,0,1,Urban
3194,41,1,1,1,0,0,Suburban
3195,57,0,0,0,0,0,Rural
3196,42,1,0,1,0,0,Suburban
3197,53,0,1,0,0,1,Suburban
3198,119,1,1,1,0,1,Rural
3199,121,1,1,1,0,1,Rural
3200,56,1,0,0,1,1,Urban
3201,87,0,0,0,0,1,Urban
3202,76,1,0,1,1,1,Rural
3203,72,1,0,1,1,0,Suburban
3204,53,1,0,1,0,1,Suburban
3205,85,1,1,1,0,0,Urban
3206,85,0,1,0,0,0,Urban
3207,32,1,1,0,1,0,Suburban
3208,81,1,0,1,0,1,Urban
3209,54,1,0,1,0,1,Urban
3210,37,1,1,1,0,0,Urban
3211,88,1,0,1,1,1,Urban
3212,8,0,1,0,0,1,Suburban
3213,82,1,1,0,1,1,Rural
3214,11,1,0,1,0,0,Urban
3215,54,1,0,1,1,1,Urban
3216,60,1,0,1,1,0,Urban
3217,10,1,1,1,0,1,Urban
3218,90,1,1,0,1,0,Suburban
3219,111,1,0,1,1,0,Suburban
3220,70,1,1,1,0,1,Rural
3221,115,1,1,1,0,1,Urban
3222,81,0,0,0,1,1,Urban
3223,87,1,1,1,1,1,Urban
3224,42,0,0,0,1,0,Suburban
3225,37,0,0,0,1,0,Urban
3226,92,0,1,0,1,1,Urban
3227,80,1,1,1,0,0,Urban
3228,76,0,0,1,1,1,Rural
3229,58,1,0,1,0,0,Urban
3230,85,1,0,1,1,0,Urban
3231,59,1,0,1,1,0,Urban
3232,24,1,0,1,1,0,Urban
3233,28,1,0,1,0,1,Urban
3234,37,1,1,0,0,0,Urban
3235,21,1,1,1,0,1,Suburban
3236,33,1,1,1,1,0,Rural
3237,2,1,1,0,1,1,Urban
3238,101,0,1,0,0,0,Urban
3239,119,1,1,0,1,1,Rural
3240,83,1,0,0,1,0,Suburban
3241,28,0,1,0,0,1,Urban
3242,15,1,1,1,0,0,Suburban
3243,1,1,1,1,1,0,Urban
3244,107,1,1,1,1,0,Rural
3245,28,1,1,1,1,1,Urban
3246,50,1,1,1,1,0,Urban
3247,35,1,1,1,1,1,Suburban
3248,96,0,0,1,0,0,Suburban
3249,28,1,0,1,0,1,Urban
3250,9,1,0,1,0,1,Suburban
3251,24,0,0,0,0,0,Urban
3252,63,1,1,1,0,1,Urban
3253,4,0,0,0,0,1,Suburban
3254,56,1,0,1,1,1,Urban
3255,109,1,1,0,1,0,Suburban
3256,41,0,0,0,0,0,Suburban
3257,67,1,1,1,1,0,Suburban
3258,48,1,0,1,1,1,Suburban
3259,86,1,0,1,1,0,Suburban
3260,104,1,1,0,1,1,Urban
3261,58,1,0,0,0,0,Urban
3262,39,1,0,0,1,1,Urban
3263,121,1,0,1,1,1,Rural
3264,119,1,1,1,1,1,Rural
3265,113,0,0,0,1,1,Urban
3266,25,1,1,1,1,0,Suburban
3267,60,1,1,1,1,0,Urban
3268,112,1,1,1,1,0,Suburban
3269,117,1,0,0,1,1,Suburban
3270,86,1,0,1,0,0,Suburban
3271,114,1,0,1,0,1,Suburban
3272,112,0,0,1,0,0,Suburban
3273,47,1,1,0,1,0,Urban
3274,98,1,1,1,1,0,Rural
3275,61,1,1,1,0,0,Rural
3276,84,1,1,1,1,0,Urban
3277,100,1,1,0,1,0,Suburban
3278,101,1,1,0,1,0,Urban
3279,103,1,1,0,0,0,Urban
3280,27,1,1,1,1,0,Urban
3281,111,1,1,0,1,0,Suburban
3282,113,1,1,1,1,1,Urban
3283,96,1,0,1,1,0,Suburban
3284,42,1,0,1,1,0,Suburban
3285,52,0,0,1,0,1,Urban
3286,93,1,1,0,1,1,Suburban
3287,105,1,1,1,0,1,Rural
3288,48,1,0,1,0,1,Suburban
3289,32,0,1,1,0,0,Suburban
3290,24,1,1,1,0,0,Urban
3291,3,0,1,1,0,1,Urban
3292,118,1,1,1,1,0,Urban
3293,27,1,1,1,1,0,Urban
3294,73,1,1,1,0,0,Urban
3295,40,1,0,1,1,0,Suburban
3296,23,0,1,0,0,0,Urban
3297,7,1,1,1,0,0,Urban
3298,81,0,0,0,1,1,Urban
3299,37,1,1,0,1,0,Urban
3300,7,1,1,0,1,0,Urban
3301,94,1,0,1,0,1,Urban
3302,77,1,1,1,1,1,Rural
3303,82,1,1,0,1,1,Rural
3304,95,1,1,1,1,1,Urban
3305,22,0,1,1,0,0,Urban
3306,78,0,1,1,1,0,Suburban
3307,82,1,0,1,1,1,Rural
3308,99,1,1,0,1,0,Suburban
3309,17,1,1,1,0,0,Urban
3310,19,1,1,1,1,0,Rural
3311,95,1,1,1,0,1,Urban
3312,39,1,0,1,1,1,Urban
3313,117,1,1,1,0,1,Suburban
3314,36,1,1,1,0,1,Suburban
3315,15,1,1,0,1,0,Suburban
3316,63,1,1,1,0,1,Urban
3317,29,1,1,0,0,1,Rural
3318,60,0,0,1,0,0,Urban
3319,56,1,1,1,0,1,Urban
3320,40,1,1,1,1,0,Suburban
3321,16,1,1,1,1,0,Suburban
3322,33,0,0,0,1,0,Rural
3323,89,1,1,0,0,1,Suburban
3324,16,1,0,1,1,0,Suburban
3325,30,0,0,1,0,0,Urban
3326,121,1,0,0,1,1,Rural
3327,98,1,1,1,0,0,Rural
3328,66,1,1,1,1,1,Suburban
3329,104,1,0,0,1,1,Urban
3330,44,1,0,1,0,1,Rural
3331,107,0,0,0,0,0,Rural
3332,38,1,1,1,1,0,Suburban
3333,51,1,1,0,0,1,Suburban
3334,60,1,1,1,0,0,Urban
3335,18,0,0,1,0,1,Rural
3336,5,1,1,1,1,0,Rural
3337,111,1,1,1,1,0,Suburban
3338,40,0,0,1,0,0,Suburban
3339,6,1,1,1,0,0,Rural
3340,76,1,0,1,1,1,Rural
3341,115,1,1,0,1,1,Urban
3342,12,1,1,1,0,1,Urban
3343,12,1,1,1,1,1,Urban
3344,73,1,0,1,0,0,Urban
3345,120,1,1,1,0,1,Rural
3346,106,1,1,1,1,0,Urban
3347,22,1,0,1,1,0,Urban
3348,49,1,1,0,0,1,Suburban
3349,50,0,1,1,0,0,Urban
3350,80,1,1,1,0,0,Urban
3351,4,1,1,0,0,1,Suburban
3352,50,1,0,0,0,0,Urban
3353,3,1,1,1,0,1,Urban
3354,16,1,1,0,1,0,Suburban
3355,14,1,1,1,1,0,Urban
3356,64,0,0,0,1,0,Suburban
3357,120,1,1,1,1,1,Rural
3358,41,1,1,1,0,0,Suburban
3359,102,0,1,0,0,1,Urban
3360,68,1,1,1,0,1,Urban
3361,59,1,1,1,1,0,Urban
3362,2,1,1,1,0,1,Urban
3363,119,1,0,1,1,1,Rural
3364,10,1,1,1,1,1,Urban
3365,75,0,0,1,0,1,Suburban
3366,103,1,0,1,0,0,Urban
3367,90,1,1,1,1,0,Suburban
3368,121,1,1,1,1,1,Rural
3369,101,1,1,1,1,0,Urban
3370,26,0,0,1,0,1,Suburban
3371,4,1,1,0,1,1,Suburban
3372,90,1,1,1,0,0,Suburban
3373,102,1,1,1,1,1,Urban
3374,28,1,0,0,1,1,Urban
3375,2,0,0,0,1,1,Urban
3376,66,0,1,1,0,1,Suburban
3377,16,1,0,0,1,0,Suburban
3378,57,1,1,1,0,0,Rural
3379,23,1,1,0,0,0,Urban
3380,23,1,0,1,0,0,Urban
3381,77,1,1,1,1,1,Rural
3382,21,1,1,1,1,1,Suburban
3383,103,1,1,0,0,0,Urban
3384,25,1,0,1,1,0,Suburban
3385,58,1,0,1,0,0,Urban
3386,37,0,0,1,0,0,Urban
3387,121,1,0,0,0,1,Rural
3388,49,1,1,0,1,1,Suburban
3389,77,1,1,1,1,1,Rural
3390,15,1,1,1,0,0,Suburban
3391,28,1,1,1,1,1,Urban
3392,67,1,1,1,0,0,Suburban
3393,87,0,0,0,1,1,Urban
3394,4,1,1,1,0,1,Suburban
3395,47,1,1,1,1,0,Urban
3396,50,1,1,1,1,0,Urban
3397,60,1,1,1,1,0,Urban
3398,62,0,0,1,0,0,Rural
3399,67,1,1,1,1,0,Suburban
3400,103,1,1,1,0,0,Urban
3401,72,1,0,1,1,0,Suburban
3402,43,1,1,1,0,0,Urban
3403,89,1,1,1,0,1,Suburban
3404,118,0,1,1,1,0,Urban
3405,58,1,1,0,1,0,Urban
3406,105,1,0,1,0,1,Rural
3407,52,1,0,1,1,1,Urban
3408,76,0,1,0,1,1,Rural
3409,69,1,0,1,1,0,Urban
3410,97,1,1,1,0,1,Suburban
3411,46,1,1,1,1,1,Urban
3412,25,1,1,1,0,0,Suburban
3413,25,1,1,1,0,0,Suburban
3414,121,1,1,1,1,1,Rural
3415,35,1,0,0,1,1,Suburban
3416,61,1,0,0,1,0,Rural
3417,15,0,1,1,0,0,Suburban
3418,106,1,1,1,0,0,Urban
3419,90,0,1,1,0,0,Suburban
3420,74,1,1,1,0,1,Urban
3421,88,1,1,1,0,1,Urban
3422,35,1,1,0,0,1,Suburban
3423,29,1,0,1,1,1,Rural
3424,38,1,1,0,1,0,Suburban
3425,69,1,1,0,1,0,Urban
3426,24,1,1,0,1,0,Urban
3427,19,1,1,1,0,0,Rural
3428,46,1,1,1,0,1,Urban
3429,49,1,0,1,1,1,Suburban
3430,44,1,1,1,1,1,Rural
3431,73,1,0,1,1,0,Urban
3432,26,1,1,1,0,1,Suburban
3433,25,1,1,1,0,0,Suburban
3434,35,1,1,1,1,1,Suburban
3435,114,1,0,0,1,1,Suburban
3436,36,1,1,1,1,1,Suburban
3437,14,1,0,1,1,0,Urban
3438,56,1,1,1,1,1,Urban
3439,6,1,0,0,1,0,Rural
3440,32,1,1,1,1,0,Suburban
3441,26,1,0,1,1,1,Suburban
3442,15,1,1,1,1,0,Suburban
3443,49,0,0,0,1,1,Suburban
3444,95,1,1,0,1,1,Urban
3445,56,1,1,1,0,1,Urban
3446,37,1,1,1,1,0,Urban
3447,102,1,0,1,1,1,Urban
3448,53,1,1,1,0,1,Suburban
3449,58,0,0,1,1,0,Urban
3450,101,0,1,0,0,0,Urban
3451,83,1,1,0,1,0,Suburban
3452,78,1,1,1,1,0,Suburban
3453,36,0,0,1,0,1,Suburban
3454,101,0,0,1,0,0,Urban
3455,11,0,0,0,1,0,Urban
3456,27,1,1,0,1,0,Urban
3457,2,1,0,1,0,1,Urban
3458,22,1,0,1,1,0,Urban
3459,66,1,1,1,1,1,Suburban
3460,84,1,0,1,1,0,Urban
3461,108,0,0,0,0,1,Suburban
3462,112,0,0,1,1,0,Suburban
3463,17,0,0,0,0,0,Urban
3464,4,1,1,1,1,1,Suburban
3465,14,1,1,0,1,0,Urban
3466,7,1,0,1,0,0,Urban
3467,79,1,1,0,1,0,Suburban
3468,94,0,0,1,0,1,Urban
3469,16,1,0,1,1,0,Suburban
3470,104,0,0,1,1,1,Urban
3471,66,1,0,1,1,1,Suburban
3472,19,1,1,1,1,0,Rural
3473,1,0,1,1,1,0,Urban
3474,31,1,1,0,1,1,Urban
3475,119,1,1,1,1,1,Rural
3476,4,0,1,0,0,1,Suburban
3477,91,1,1,0,1,0,Suburban
3478,58,1,0,1,1,0,Urban
3479,56,1,0,1,0,1,Urban
3480,53,1,1,1,0,1,Suburban
3481,89,1,1,1,0,1,Suburban
3482,86,1,0,1,0,0,Suburban
3483,43,0,1,0,0,0,Urban
3484,74,1,1,1,0,1,Urban
3485,114,1,1,1,0,1,Suburban
3486,97,1,1,1,1,1,Suburban
3487,49,1,1,0,0,1,Suburban
3488,112,1,0,1,1,0,Suburban
3489,108,1,1,1,1,1,Suburban
3490,60,1,1,1,1,0,Urban
3491,94,1,1,1,1,1,Urban
3492,94,0,1,0,0,1,Urban
3493,16,0,0,0,1,0,Suburban
3494,73,1,0,1,1,0,Urban
3495,81,1,0,1,0,1,Urban
3496,99,1,1,1,0,0,Suburban
3497,60,1,0,1,0,0,Urban
3498,114,0,0,1,0,1,Suburban
3499,47,1,0,1,0,0,Urban
3500,15,1,1,1,1,0,Suburban
3501,63,0,1,0,1,1,Urban
3502,112,1,1,1,1,0,Suburban
3503,28,0,0,0,1,1,Urban
3504,20,1,1,1,1,0,Urban
3505,97,1,1,1,1,1,Suburban
3506,63,0,0,0,1,1,Urban
3507,33,0,0,1,0,0,Rural
3508,36,1,0,1,1,1,Suburban
3509,13,1,1,1,1,1,Rural
3510,62,0,0,1,0,0,Rural
3511,68,1,1,0,1,1,Urban
3512,23,0,1,0,1,0,Urban
3513,72,1,1,1,1,0,Suburban
3514,13,1,1,1,0,1,Rural
3515,88,1,1,1,1,1,Urban
3516,40,1,0,1,0,0,Suburban
3517,110,1,1,1,0,0,Suburban
3518,30,1,0,1,0,0,Urban
3519,94,1,1,1,1,1,Urban
3520,25,1,1,1,1,0,Suburban
3521,97,1,1,1,0,1,Suburban
3522,73,1,1,1,1,0,Urban
3523,26,1,1,1,0,1,Suburban
3524,24,1,1,0,0,0,Urban
3525,97,1,1,0,1,1,Suburban
3526,39,1,1,1,0,1,Urban
3527,89,1,1,1,1,1,Suburban
3528,116,0,0,0,0,1,Urban
3529,109,1,1,0,0,0,Suburban
3530,79,0,0,0,1,0,Suburban
3531,61,1,0,1,1,0,Rural
3532,105,1,0,0,0,1,Rural
3533,112,0,0,1,1,0,Suburban
3534,49,1,1,0,1,1,Suburban
3535,41,1,0,0,1,0,Suburban
3536,70,1,0,1,0,1,Rural
3537,20,1,1,0,1,0,Urban
3538,44,0,1,1,1,1,Rural
3539,16,1,1,0,0,0,Suburban
3540,21,1,0,1,1,1,Suburban
3541,15,1,0,0,1,0,Suburban
3542,39,1,1,1,1,1,Urban
3543,42,1,1,0,1,0,Suburban
3544,61,1,1,1,1,0,Rural
3545,4,1,1,1,1,1,Suburban
3546,24,1,0,1,1,0,Urban
3547,3,1,1,0,1,1,Urban
3548,114,1,1,1,1,1,Suburban
3549,1,0,1,1,0,0,Urban
3550,94,1,0,1,0,1,Urban
3551,13,1,1,0,1,1,Rural
3552,54,1,0,1,0,1,Urban
3553,82,1,1,1,1,1,Rural
3554,40,1,1,1,1,0,Suburban
3555,11,1,1,1,1,0,Urban
3556,42,1,1,1,1,0,Suburban
3557,93,1,1,1,1,1,Suburban
3558,4,0,0,0,0,1,Suburban
3559,25,1,0,0,1,0,Suburban
3560,100,1,0,1,0,0,Suburban
3561,36,1,1,1,0,1,Suburban
3562,64,1,0,1,0,0,Suburban
3563,44,1,1,1,0,1,Rural
3564,40,1,1,0,0,0,Suburban
3565,92,0,1,1,0,1,Urban
3566,45,1,1,1,1,0,Urban
3567,8,0,0,1,1,1,Suburban
3568,85,0,1,0,0,0,Urban
3569,35,1,1,1,0,1,Suburban
3570,44,0,0,1,1,1,Rural
3571,18,0,1,1,1,1,Rural
3572,47,1,1,0,1,0,Urban
3573,25,0,1,0,0,0,Suburban
3574,110,1,0,1,1,0,Suburban
3575,41,0,0,1,1,0,Suburban
3576,5,0,1,0,1,0,Rural
3577,64,0,1,1,0,0,Suburban
3578,62,0,1,1,0,0,Rural
3579,111,1,0,1,0,0,Suburban
3580,72,1,1,1,0,0,Suburban
3581,87,1,1,1,1,1,Urban
3582,3,1,1,0,1,1,Urban
3583,108,1,1,1,1,1,Suburban
3584,37,1,1,1,1,0,Urban
3585,95,1,0,0,1,1,Urban
3586,93,1,1,1,0,1,Suburban
3587,41,1,1,1,1,0,Suburban
3588,20,1,0,1,1,0,Urban
3589,67,0,0,0,0,0,Suburban
3590,87,1,1,0,0,1,Urban
3591,40,1,1,0,1,0,Suburban
3592,85,1,1,0,1,0,Urban
3593,77,1,0,1,0,1,Rural
3594,8,1,1,1,1,1,Suburban
3595,5,1,0,0,1,0,Rural
3596,25,1,0,1,1,0,Suburban
3597,39,1,1,1,0,1,Urban
3598,37,1,1,1,0,0,Urban
3599,105,1,1,1,1,1,Rural
3600,5,1,1,0,1,0,Rural
3601,8,1,1,1,0,1,Suburban
3602,108,1,0,1,0,1,Suburban
3603,4,0,0,0,0,1,Suburban
3604,41,1,1,1,0,0,Suburban
3605,60,1,0,1,1,0,Urban
3606,54,1,1,1,1,1,Urban
3607,22,0,1,0,0,0,Urban
3608,78,1,1,0,0,0,Suburban
3609,19,0,0,0,1,0,Rural
3610,77,0,0,0,0,1,Rural
3611,99,1,0,1,1,0,Suburban
3612,68,1,1,0,1,1,Urban
3613,33,1,1,0,1,0,Rural
3614,22,1,1,1,0,0,Urban
3615,65,1,1,1,0,0,Rural
3616,11,1,0,0,0,0,Urban
3617,16,0,0,0,0,0,Suburban
3618,68,1,0,0,0,1,Urban
3619,93,0,1,0,1,1,Suburban
3620,103,1,1,1,1,0,Urban
3621,44,1,1,1,1,1,Rural
3622,102,1,1,1,0,1,Urban
3623,88,0,1,1,1,1,Urban
3624,116,0,0,0,1,1,Urban
3625,9,0,0,1,0,1,Suburban
3626,122,1,1,1,1,1,Urban
3627,72,0,1,1,0,0,Suburban
3628,78,1,1,1,0,0,Suburban
3629,79,0,1,1,0,0,Suburban
3630,117,1,0,1,1,1,Suburban
3631,62,1,1,1,1,0,Rural
3632,86,1,1,1,0,0,Suburban
3633,101,0,1,0,0,0,Urban
3634,15,1,0,1,0,0,Suburban
3635,6,1,1,1,0,0,Rural
3636,1,1,1,1,0,0,Urban
3637,20,1,1,1,0,0,Urban
3638,105,1,0,1,0,1,Rural
3639,36,1,0,0,1,1,Suburban
3640,2,1,1,0,1,1,Urban
3641,70,1,0,1,1,1,Rural
3642,2,1,0,1,0,1,Urban
3643,3,0,0,0,0,1,Urban
3644,7,1,0,0,0,0,Urban
3645,84,1,0,1,0,0,Urban
3646,113,1,1,1,0,1,Urban
3647,64,1,0,1,1,0,Suburban
3648,41,1,1,1,1,0,Suburban
3649,54,1,0,1,0,1,Urban
3650,41,1,1,1,0,0,Suburban
3651,115,1,0,1,1,1,Urban
3652,5,1,0,1,0,0,Rural
3653,89,1,1,0,1,1,Suburban
3654,102,0,0,0,1,1,Urban
3655,82,1,1,1,1,1,Rural
3656,63,1,0,0,0,1,Urban
3657,1,1,1,1,0,0,Urban
3658,25,1,1,0,0,0,Suburban
3659,81,1,0,1,1,1,Urban
3660,46,1,1,1,1,1,Urban
3661,15,0,0,1,1,0,Suburban
3662,69,1,1,1,1,0,Urban
3663,17,1,1,0,1,0,Urban
3664,21,1,1,1,1,1,Suburban
3665,53,1,1,1,1,1,Suburban
3666,55,1,1,1,1,1,Suburban
3667,87,0,1,1,1,1,Urban
3668,107,1,1,1,0,0,Rural
3669,10,1,1,1,1,1,Urban
3670,81,0,0,0,0,1,Urban
3671,57,0,0,0,0,0,Rural
3672,65,0,1,0,1,0,Rural
3673,37,1,0,1,1,0,Urban
3674,112,1,1,0,1,0,Suburban
3675,7,0,0,1,0,0,Urban
3676,76,1,0,1,1,1,Rural
3677,40,0,0,1,0,0,Suburban
3678,50,1,1,0,1,0,Urban
3679,1,1,0,0,0,0,Urban
3680,20,1,1,0,1,0,Urban
3681,108,1,0,0,1,1,Suburban
3682,31,1,1,0,0,1,Urban
3683,68,0,0,0,1,1,Urban
3684,90,0,0,1,1,0,Suburban
3685,12,1,0,1,0,1,Urban
3686,22,1,1,1,0,0,Urban
3687,1,0,0,1,0,0,Urban
3688,1,1,1,1,0,0,Urban
3689,3,1,0,1,1,1,Urban
3690,117,1,1,1,1,1,Suburban
3691,76,1,1,0,0,1,Rural
3692,118,1,1,0,0,0,Urban
3693,21,1,1,1,1,1,Suburban
3694,13,1,1,1,0,1,Rural
3695,61,1,1,1,0,0,Rural
3696,13,1,1,1,0,1,Rural
3697,117,1,0,0,1,1,Suburban
3698,105,1,0,1,1,1,Rural
3699,82,1,1,1,1,1,Rural
3700,33,1,1,0,0,0,Rural
3701,6,1,1,0,1,0,Rural
3702,25,1,1,1,1,0,Suburban
3703,23,1,0,0,1,0,Urban
3704,88,1,0,1,0,1,Urban
3705,101,1,1,1,1,0,Urban
3706,26,0,1,1,1,1,Suburban
3707,4,1,1,1,0,1,Suburban
3708,102,0,0,1,0,1,Urban
3709,35,1,0,1,1,1,Suburban
3710,113,1,1,1,1,1,Urban
3711,75,1,1,0,1,1,Suburban
3712,100,1,0,1,1,0,Suburban
3713,25,1,0,1,1,0,Suburban
3714,20,0,1,0,0,0,Urban
3715,1,1,1,1,0,0,Urban
3716,94,0,1,0,1,1,Urban
3717,68,1,1,1,0,1,Urban
3718,23,1,1,1,0,0,Urban
3719,99,1,1,1,1,0,Suburban
3720,106,1,1,1,1,0,Urban
3721,22,1,1,1,0,0,Urban
3722,95,1,0,1,0,1,Urban
3723,62,1,1,1,0,0,Rural
3724,1,0,1,1,0,0,Urban
3725,59,1,1,1,1,0,Urban
3726,68,1,1,1,0,1,Urban
3727,19,1,0,1,1,0,Rural
3728,30,1,1,1,1,0,Urban
3729,1,1,1,1,1,0,Urban
3730,48,0,0,1,0,1,Suburban
3731,19,1,1,0,1,0,Rural
3732,52,1,0,1,0,1,Urban
3733,85,1,1,0,0,0,Urban
3734,22,1,1,1,1,0,Urban
3735,50,1,1,1,0,0,Urban
3736,66,1,1,1,1,1,Suburban
3737,6,0,0,0,0,0,Rural
3738,64,0,0,1,0,0,Suburban
3739,21,1,1,1,1,1,Suburban
3740,97,1,1,1,1,1,Suburban
3741,19,1,0,1,1,0,Rural
3742,91,0,0,1,1,0,Suburban
3743,37,1,1,1,0,0,Urban
3744,63,1,1,1,1,1,Urban
3745,29,1,1,1,0,1,Rural
3746,60,1,0,1,1,0,Urban
3747,92,1,1,0,1,1,Urban
3748,34,1,1,0,1,1,Urban
3749,1,1,0,1,1,0,Urban
3750,48,1,1,1,0,1,Suburban
3751,89,1,1,0,1,1,Suburban
3752,21,0,1,1,0,1,Suburban
3753,34,0,1,1,0,1,Urban
3754,26,0,1,0,0,1,Suburban
3755,36,1,1,1,1,1,Suburban
3756,99,0,1,1,0,0,Suburban
3757,23,0,1,0,0,0,Urban
3758,81,1,0,1,1,1,Urban
3759,47,0,0,0,1,0,Urban
3760,106,0,1,0,0,0,Urban
3761,76,0,1,0,0,1,Rural
3762,44,1,1,1,1,1,Rural
3763,20,1,1,1,1,0,Urban
3764,103,1,1,1,0,0,Urban
3765,27,1,0,1,1,0,Urban
3766,106,1,1,1,1,0,Urban
3767,61,1,1,1,1,0,Rural
3768,37,1,1,1,1,0,Urban
3769,84,1,0,1,1,0,Urban
3770,52,1,1,1,1,1,Urban
3771,75,0,0,0,0,1,Suburban
3772,92,1,1,0,1,1,Urban
3773,62,1,0,0,1,0,Rural
3774,66,0,0,1,0,1,Suburban
3775,24,1,1,0,1,0,Urban
3776,80,0,1,0,0,0,Urban
3777,12,0,1,1,0,1,Urban
3778,16,1,1,1,0,0,Suburban
3779,36,1,0,1,1,1,Suburban
3780,2,1,0,1,1,1,Urban
3781,89,1,0,1,0,1,Suburban
3782,62,1,0,1,1,0,Rural
3783,64,1,1,0,0,0,Suburban
3784,29,1,1,1,1,1,Rural
3785,92,0,0,1,1,1,Urban
3786,74,0,1,0,1,1,Urban
3787,109,1,0,1,1,0,Suburban
3788,87,0,1,0,0,1,Urban
3789,96,1,1,1,1,0,Suburban
3790,31,1,0,0,1,1,Urban
3791,83,1,1,1,0,0,Suburban
3792,15,1,0,1,1,0,Suburban
3793,55,1,0,1,1,1,Suburban
3794,33,0,0,0,0,0,Rural
3795,81,1,0,0,1,1,Urban
3796,52,1,1,1,1,1,Urban
3797,100,0,0,0,1,0,Suburban
3798,20,0,1,1,0,0,Urban
3799,73,1,1,1,0,0,Urban
3800,38,1,0,0,0,0,Suburban
3801,3,1,1,1,1,1,Urban
3802,54,1,1,1,1,1,Urban
3803,66,1,1,0,1,1,Suburban
3804,18,0,1,0,0,1,Rural
3805,87,1,0,0,0,1,Urban
3806,83,1,1,0,1,0,Suburban
3807,7,1,0,1,1,0,Urban
3808,35,0,0,0,1,1,Suburban
3809,114,1,0,1,1,1,Suburban
3810,84,1,1,0,1,0,Urban
3811,84,1,0,1,1,0,Urban
3812,83,1,1,1,1,0,Suburban
3813,105,1,0,1,0,1,Rural
3814,80,1,1,1,1,0,Urban
3815,102,1,0,1,1,1,Urban
3816,85,1,0,0,0,0,Urban
3817,93,0,1,0,0,1,Suburban
3818,108,1,1,1,0,1,Suburban
3819,60,0,0,0,1,0,Urban
3820,102,1,1,1,0,1,Urban
3821,109,0,0,1,0,0,Suburban
3822,24,1,1,1,1,0,Urban
3823,101,0,1,0,0,0,Urban
3824,93,1,0,0,1,1,Suburban
3825,95,1,0,1,0,1,Urban
3826,109,1,0,1,1,0,Suburban
3827,116,0,1,1,0,1,Urban
3828,39,1,0,1,0,1,Urban
3829,12,1,1,1,0,1,Urban
3830,94,0,0,1,1,1,Urban
3831,53,1,0,1,1,1,Suburban
3832,64,1,1,0,0,0,Suburban
3833,4,1,1,1,1,1,Suburban
3834,94,0,1,1,0,1,Urban
3835,5,0,0,1,1,0,Rural
3836,16,1,1,0,1,0,Suburban
3837,27,1,0,0,1,0,Urban
3838,4,1,1,0,1,1,Suburban
3839,72,1,0,1,1,0,Suburban
3840,48,1,0,0,1,1,Suburban
3841,8,1,1,1,1,1,Suburban
3842,81,1,1,1,1,1,Urban
3843,46,1,1,1,1,1,Urban
3844,44,1,0,1,1,1,Rural
3845,67,0,0,0,1,0,Suburban
3846,91,0,1,0,1,0,Suburban
3847,52,1,0,1,1,1,Urban
3848,34,1,1,1,0,1,Urban
3849,62,1,1,1,0,0,Rural
3850,109,0,0,1,0,0,Suburban
3851,21,0,1,1,1,1,Suburban
3852,107,1,1,0,0,0,Rural
3853,24,1,1,0,1,0,Urban
3854,44,1,1,1,1,1,Rural
3855,114,1,1,0,1,1,Suburban
3856,41,1,1,1,0,0,Suburban
3857,29,1,0,1,1,1,Rural
3858,103,1,1,1,1,0,Urban
3859,6,1,1,1,1,0,Rural
3860,56,1,1,0,0,1,Urban
3861,14,1,1,1,1,0,Urban
3862,50,1,0,1,1,0,Urban
3863,78,1,0,1,1,0,Suburban
3864,101,0,1,0,1,0,Urban
3865,52,1,0,1,1,1,Urban
3866,88,1,1,0,1,1,Urban
3867,77,1,1,0,1,1,Rural
3868,1,1,1,1,1,0,Urban
3869,12,1,1,1,1,1,Urban
3870,115,1,1,0,0,1,Urban
3871,106,1,0,1,0,0,Urban
3872,24,1,1,0,0,0,Urban
3873,37,1,0,1,0,0,Urban
3874,84,1,1,1,0,0,Urban
3875,70,0,1,0,0,1,Rural
3876,76,0,0,0,1,1,Rural
3877,85,0,1,0,0,0,Urban
3878,3,1,1,1,0,1,Urban
3879,27,0,0,0,1,0,Urban
3880,110,0,0,0,1,0,Suburban
3881,53,1,0,0,1,1,Suburban
3882,100,1,0,1,1,0,Suburban
3883,17,1,0,1,0,0,Urban
3884,113,0,0,0,0,1,Urban
3885,110,1,1,1,0,0,Suburban
3886,15,1,1,1,0,0,Suburban
3887,39,1,1,1,0,1,Urban
3888,4,1,1,1,1,1,Suburban
3889,17,1,0,1,0,0,Urban
3890,102,1,0,1,0,1,Urban
3891,11,0,1,0,0,0,Urban
3892,12,1,1,1,1,1,Urban
3893,111,0,0,1,0,0,Suburban
3894,32,1,1,1,0,0,Suburban
3895,27,0,0,1,0,0,Urban
3896,44,1,1,1,0,1,Rural
3897,43,0,1,0,0,0,Urban
3898,91,1,1,1,1,0,Suburban
3899,49,1,1,0,0,1,Suburban
3900,104,1,0,1,1,1,Urban
3901,108,1,0,1,1,1,Suburban
3902,93,0,0,1,1,1,Suburban
3903,73,1,1,1,0,0,Urban
3904,43,1,1,0,0,0,Urban
3905,3,0,0,0,0,1,Urban
3906,103,1,0,1,1,0,Urban
3907,29,1,1,1,1,1,Rural
3908,85,1,1,1,0,0,Urban
3909,35,1,0,1,1,1,Suburban
3910,117,1,1,0,1,1,Suburban
3911,48,1,1,1,1,1,Suburban
3912,74,1,1,0,0,1,Urban
3913,87,1,1,1,1,1,Urban
3914,39,1,0,1,0,1,Urban
3915,89,1,0,1,1,1,Suburban
3916,24,1,1,1,0,0,Urban
3917,20,0,1,0,0,0,Urban
3918,15,1,1,1,1,0,Suburban
3919,85,1,1,0,1,0,Urban
3920,117,1,1,1,0,1,Suburban
3921,106,0,0,0,0,0,Urban
3922,76,1,1,1,1,1,Rural
3923,18,1,1,0,1,1,Rural
3924,60,0,1,0,1,0,Urban
3925,87,1,1,0,1,1,Urban
3926,119,1,1,1,0,1,Rural
3927,105,1,1,0,1,1,Rural
3928,93,1,0,1,1,1,Suburban
3929,41,1,1,1,1,0,Suburban
3930,100,1,1,1,0,0,Suburban
3931,69,0,0,1,1,0,Urban
3932,103,0,0,0,1,0,Urban
3933,90,1,1,1,1,0,Suburban
3934,103,1,0,1,1,0,Urban
3935,75,1,1,1,1,1,Suburban
3936,106,1,1,1,1,0,Urban
3937,11,1,1,1,0,0,Urban
3938,120,1,0,1,0,1,Rural
3939,56,0,0,1,1,1,Urban
3940,18,1,1,1,1,1,Rural
3941,12,1,1,0,0,1,Urban
3942,121,0,0,0,1,1,Rural
3943,16,1,1,0,0,0,Suburban
3944,27,1,1,1,0,0,Urban
3945,100,1,0,1,1,0,Suburban
3946,17,1,0,1,1,0,Urban
3947,113,1,0,1,0,1,Urban
3948,85,0,0,1,1,0,Urban
3949,119,1,1,1,1,1,Rural
3950,101,0,0,1,1,0,Urban
3951,31,1,0,1,0,1,Urban
3952,109,0,1,0,1,0,Suburban
3953,35,1,1,1,0,1,Suburban
3954,27,1,1,1,0,0,Urban
3955,87,1,1,1,1,1,Urban
3956,32,1,0,1,1,0,Suburban
3957,17,0,0,1,0,0,Urban
3958,11,1,1,1,1,0,Urban
3959,1,1,1,1,1,0,Urban
3960,92,0,0,0,1,1,Urban
3961,82,0,1,0,1,1,Rural
3962,49,1,1,1,0,1,Suburban
3963,41,1,1,1,1,0,Suburban
3964,20,1,1,1,0,0,Urban
3965,71,1,1,0,1,1,Rural
3966,37,0,1,1,0,0,Urban
3967,16,1,1,1,0,0,Suburban
3968,39,1,1,1,1,1,Urban
3969,109,0,1,1,0,0,Suburban
3970,45,1,1,0,0,0,Urban
3971,64,0,0,1,0,0,Suburban
3972,47,1,0,1,1,0,Urban
3973,23,1,1,1,1,0,Urban
3974,32,1,1,1,0,0,Suburban
3975,49,0,0,0,0,1,Suburban
3976,81,0,1,0,0,1,Urban
3977,19,1,1,1,1,0,Rural
3978,106,1,0,1,1,0,Urban
3979,98,1,0,1,0,0,Rural
3980,78,1,0,1,0,0,Suburban
3981,119,1,1,1,0,1,Rural
3982,67,0,0,1,0,0,Suburban
3983,39,1,1,1,0,1,Urban
3984,89,1,0,1,1,1,Suburban
3985,60,1,1,1,0,0,Urban
3986,11,1,1,0,1,0,Urban
3987,49,1,0,1,1,1,Suburban
3988,15,1,1,0,0,0,Suburban
3989,83,1,1,1,1,0,Suburban
3990,61,1,0,1,1,0,Rural
3991,43,1,1,0,0,0,Urban
3992,15,1,1,1,1,0,Suburban
3993,79,1,1,0,0,0,Suburban
3994,102,1,0,1,1,1,Urban
3995,79,1,0,1,1,0,Suburban
3996,73,1,1,1,1,0,Urban
3997,5,1,0,1,1,0,Rural
3998,83,1,1,1,1,0,Suburban
3999,88,1,0,1,1,1,Urban
4000,29,1,1,1,1,1,Rural
4001,62,1,1,1,0,0,Rural
4002,60,0,0,1,1,0,Urban
4003,69,1,1,1,0,0,Urban
4004,22,1,1,1,0,0,Urban
4005,13,1,1,1,1,1,Rural
4006,50,0,0,0,0,0,Urban
4007,116,1,1,0,0,1,Urban
4008,113,1,1,1,1,1,Urban
4009,47,0,1,0,0,0,Urban
4010,110,0,1,1,0,0,Suburban
4011,29,1,1,0,1,1,Rural
4012,80,0,0,0,1,0,Urban
4013,100,1,0,0,1,0,Suburban
4014,17,0,1,1,1,0,Urban
4015,20,1,1,1,1,0,Urban
4016,78,1,1,1,1,0,Suburban
4017,114,1,1,0,0,1,Suburban
4018,6,1,0,1,1,0,Rural
4019,22,1,1,0,1,0,Urban
4020,104,1,1,1,0,1,Urban
4021,9,0,0,0,0,1,Suburban
4022,32,1,1,1,0,0,Suburban
4023,88,1,0,1,1,1,Urban
4024,33,1,1,1,0,0,Rural
4025,77,1,0,1,1,1,Rural
4026,99,1,0,1,1,0,Suburban
4027,70,1,0,0,1,1,Rural
4028,49,1,0,1,0,1,Suburban
4029,104,1,1,1,1,1,Urban
4030,30,0,1,0,0,0,Urban
4031,102,0,0,1,1,1,Urban
4032,16,1,1,0,1,0,Suburban
4033,65,1,1,0,0,0,Rural
4034,106,0,1,1,1,0,Urban
4035,82,1,1,1,0,1,Rural
4036,86,1,1,1,1,0,Suburban
4037,90,1,1,0,0,0,Suburban
4038,14,1,0,1,0,0,Urban
4039,56,1,1,1,0,1,Urban
4040,37,0,1,0,0,0,Urban
4041,49,1,1,1,1,1,Suburban
4042,78,1,1,0,1,0,Suburban
4043,90,1,0,0,1,0,Suburban
4044,50,1,1,1,0,0,Urban
4045,36,1,1,0,0,1,Suburban
4046,52,1,0,0,1,1,Urban
4047,23,1,1,1,0,0,Urban
4048,66,1,1,1,1,1,Suburban
4049,103,1,1,1,1,0,Urban
4050,71,1,0,1,0,1,Rural
4051,103,1,1,0,1,0,Urban
4052,45,1,1,1,1,0,Urban
4053,115,0,1,1,1,1,Urban
4054,86,0,1,1,0,0,Suburban
4055,28,1,1,1,0,1,Urban
4056,102,0,1,0,0,1,Urban
4057,20,1,1,0,0,0,Urban
4058,49,0,0,1,0,1,Suburban
4059,57,1,0,1,1,0,Rural
4060,82,1,1,1,1,1,Rural
4061,121,1,0,1,1,1,Rural
4062,88,0,1,1,0,1,Urban
4063,97,1,1,1,1,1,Suburban
4064,59,0,0,0,0,0,Urban
4065,119,0,0,1,1,1,Rural
4066,109,1,0,0,1,0,Suburban
4067,26,1,1,1,1,1,Suburban
4068,19,1,0,1,1,0,Rural
4069,112,0,1,0,1,0,Suburban
4070,106,0,0,1,0,0,Urban
4071,13,1,0,0,0,1,Rural
4072,74,1,1,1,0,1,Urban
4073,62,1,0,1,0,0,Rural
4074,14,1,1,0,1,0,Urban
4075,73,1,1,1,0,0,Urban
4076,117,1,1,0,1,1,Suburban
4077,11,0,1,0,0,0,Urban
4078,67,0,0,1,0,0,Suburban
4079,104,0,0,1,1,1,Urban
4080,12,1,1,1,0,1,Urban
4081,35,1,0,1,1,1,Suburban
4082,103,0,0,0,1,0,Urban
4083,110,1,1,1,0,0,Suburban
4084,39,1,0,1,1,1,Urban
4085,32,1,1,0,0,0,Suburban
4086,103,0,0,1,1,0,Urban
4087,14,1,1,0,1,0,Urban
4088,108,1,1,1,0,1,Suburban
4089,65,0,1,0,1,0,Rural
4090,27,0,0,1,0,0,Urban
4091,101,1,1,1,1,0,Urban
4092,60,1,1,1,1,0,Urban
4093,43,1,1,1,1,0,Urban
4094,65,1,0,0,1,0,Rural
4095,55,1,1,1,0,1,Suburban
4096,109,1,1,0,1,0,Suburban
4097,93,1,1,1,0,1,Suburban
4098,88,1,1,1,1,1,Urban
4099,119,1,0,1,0,1,Rural
4100,81,1,0,1,1,1,Urban
4101,35,1,1,1,1,1,Suburban
4102,95,1,1,1,1,1,Urban
4103,106,1,0,0,0,0,Urban
4104,32,1,1,1,1,0,Suburban
4105,19,1,0,1,1,0,Rural
4106,95,1,0,1,1,1,Urban
4107,39,0,0,1,0,1,Urban
4108,20,0,1,0,0,0,Urban
4109,28,1,1,1,0,1,Urban
4110,3,1,0,1,0,1,Urban
4111,32,1,1,1,0,0,Suburban
4112,86,1,0,1,0,0,Suburban
4113,108,1,1,1,0,1,Suburban
4114,58,0,0,1,0,0,Urban
4115,54,1,1,1,0,1,Urban
4116,42,1,1,1,1,0,Suburban
4117,117,1,1,0,1,1,Suburban
4118,108,1,0,1,0,1,Suburban
4119,15,0,0,0,1,0,Suburban
4120,102,0,1,1,1,1,Urban
4121,83,1,1,0,1,0,Suburban
4122,62,1,0,1,0,0,Rural
4123,31,1,1,1,0,1,Urban
4124,61,1,1,1,1,0,Rural
4125,26,1,1,1,0,1,Suburban
4126,69,1,1,1,0,0,Urban
4127,57,0,1,1,0,0,Rural
4128,20,1,1,1,0,0,Urban
4129,66,1,1,1,1,1,Suburban
4130,21,0,1,1,0,1,Suburban
4131,115,1,1,0,1,1,Urban
4132,60,1,1,1,1,0,Urban
4133,63,1,1,1,1,1,Urban
4134,51,0,0,1,0,1,Suburban
4135,100,1,1,1,0,0,Suburban
4136,92,1,1,1,0,1,Urban
4137,84,1,1,0,0,0,Urban
4138,101,1,1,1,1,0,Urban
4139,39,1,1,1,0,1,Urban
4140,100,1,1,1,1,0,Suburban
4141,11,1,0,1,1,0,Urban
4142,119,0,1,0,1,1,Rural
4143,57,1,0,0,1,0,Rural
4144,3,1,1,1,0,1,Urban
4145,37,1,1,1,0,0,Urban
4146,84,1,1,1,0,0,Urban
4147,96,1,1,1,0,0,Suburban
4148,111,1,1,1,1,0,Suburban
4149,25,0,0,0,0,0,Suburban
4150,21,1,1,1,0,1,Suburban
4151,122,1,0,1,1,1,Urban
4152,114,0,0,1,0,1,Suburban
4153,80,0,1,0,1,0,Urban
4154,112,1,1,1,0,0,Suburban
4155,42,1,1,0,0,0,Suburban
4156,1,1,1,1,1,0,Urban
4157,23,1,1,1,1,0,Urban
4158,107,0,1,0,0,0,Rural
4159,113,1,1,0,0,1,Urban
4160,24,1,1,1,0,0,Urban
4161,47,1,0,1,0,0,Urban
4162,89,0,0,0,0,1,Suburban
4163,7,0,0,1,1,0,Urban
4164,121,1,1,1,0,1,Rural
4165,122,0,1,0,0,1,Urban
4166,38,1,1,1,1,0,Suburban
4167,111,1,1,1,0,0,Suburban
4168,47,1,1,1,0,0,Urban
4169,103,1,0,1,1,0,Urban
4170,35,0,0,1,0,1,Suburban
4171,78,1,1,1,1,0,Suburban
4172,62,0,1,1,0,0,Rural
4173,73,1,1,1,0,0,Urban
4174,3,1,1,1,0,1,Urban
4175,102,0,1,1,0,1,Urban
4176,20,1,1,0,0,0,Urban
4177,105,1,1,1,0,1,Rural
4178,97,0,0,0,1,1,Suburban
4179,105,1,1,1,1,1,Rural
4180,44,1,0,0,0,1,Rural
4181,32,0,1,1,1,0,Suburban
4182,100,0,1,1,1,0,Suburban
4183,26,0,1,0,1,1,Suburban
4184,48,1,1,0,0,1,Suburban
4185,5,1,1,1,1,0,Rural
4186,59,0,0,0,0,0,Urban
4187,61,0,0,1,0,0,Rural
4188,49,1,1,0,1,1,Suburban
4189,30,1,1,1,1,0,Urban
4190,17,0,0,1,1,0,Urban
4191,70,1,1,1,1,1,Rural
4192,58,1,1,1,0,0,Urban
4193,63,1,1,0,1,1,Urban
4194,61,0,0,1,0,0,Rural
4195,63,0,0,1,0,1,Urban
4196,15,1,1,1,1,0,Suburban
4197,1,0,0,1,0,0,Urban
4198,13,1,0,1,1,1,Rural
4199,48,1,1,1,0,1,Suburban
4200,34,1,1,0,1,1,Urban
4201,30,1,1,1,0,0,Urban
4202,19,1,0,1,0,0,Rural
4203,119,0,1,0,1,1,Rural
4204,64,0,0,1,0,0,Suburban
4205,66,1,1,0,1,1,Suburban
4206,117,0,0,0,1,1,Suburban
4207,57,1,1,1,1,0,Rural
4208,44,0,1,1,1,1,Rural
4209,12,1,0,1,0,1,Urban
4210,122,1,0,1,1,1,Urban
4211,40,0,0,0,0,0,Suburban
4212,108,1,1,1,0,1,Suburban
4213,24,1,0,1,0,0,Urban
4214,11,1,1,1,1,0,Urban
4215,66,1,1,1,1,1,Suburban
4216,1,1,1,1,1,0,Urban
4217,121,1,1,0,1,1,Rural
4218,58,1,1,1,1,0,Urban
4219,28,1,0,1,1,1,Urban
4220,68,1,1,1,0,1,Urban
4221,105,1,0,0,1,1,Rural
4222,94,1,1,1,1,1,Urban
4223,59,1,1,0,0,0,Urban
4224,71,1,1,1,1,1,Rural
4225,22,0,0,0,0,0,Urban
4226,90,1,0,1,1,0,Suburban
4227,29,1,0,1,1,1,Rural
4228,89,1,0,1,1,1,Suburban
4229,74,1,1,1,1,1,Urban
4230,84,1,1,1,1,0,Urban
4231,78,1,0,1,1,0,Suburban
4232,97,1,1,1,0,1,Suburban
4233,69,1,1,1,0,0,Urban
4234,45,1,1,0,1,0,Urban
4235,70,1,1,1,1,1,Rural
4236,86,1,1,0,1,0,Suburban
4237,17,0,1,1,0,0,Urban
4238,79,1,1,1,1,0,Suburban
4239,39,1,1,1,1,1,Urban
4240,40,1,1,1,0,0,Suburban
4241,28,1,1,0,1,1,Urban
4242,117,1,0,1,1,1,Suburban
4243,2,1,1,0,1,1,Urban
4244,82,1,1,0,1,1,Rural
4245,27,0,0,1,0,0,Urban
4246,21,1,1,0,1,1,Suburban
4247,87,1,1,1,1,1,Urban
4248,7,0,0,0,0,0,Urban
4249,61,1,1,0,1,0,Rural
4250,52,1,0,1,1,1,Urban
4251,48,0,0,0,0,1,Suburban
4252,19,1,0,1,0,0,Rural
4253,73,1,1,1,0,0,Urban
4254,12,1,1,1,1,1,Urban
4255,110,1,1,1,1,0,Suburban
4256,94,1,1,1,0,1,Urban
4257,71,0,1,0,0,1,Rural
4258,2,0,1,1,0,1,Urban
4259,17,1,1,1,1,0,Urban
4260,75,1,1,1,1,1,Suburban
4261,114,1,1,1,1,1,Suburban
4262,76,1,1,0,1,1,Rural
4263,3,1,0,0,1,1,Urban
4264,21,1,1,0,0,1,Suburban
4265,78,1,1,1,1,0,Suburban
4266,79,1,0,1,1,0,Suburban
4267,51,1,1,0,1,1,Suburban
4268,106,1,1,0,1,0,Urban
4269,105,1,1,1,1,1,Rural
4270,10,1,0,1,1,1,Urban
4271,116,1,1,0,1,1,Urban
4272,55,1,1,0,1,1,Suburban
4273,36,1,1,1,1,1,Suburban
4274,51,1,0,0,0,1,Suburban
4275,74,1,1,1,0,1,Urban
4276,17,1,1,1,1,0,Urban
4277,108,1,0,1,0,1,Suburban
4278,89,0,1,1,0,1,Suburban
4279,61,1,0,1,0,0,Rural
4280,91,1,1,1,1,0,Suburban
4281,97,1,0,1,1,1,Suburban
4282,75,0,1,0,0,1,Suburban
4283,13,0,0,0,0,1,Rural
4284,65,1,0,1,1,0,Rural
4285,95,1,1,1,0,1,Urban
4286,97,1,1,0,0,1,Suburban
4287,85,1,1,1,1,0,Urban
4288,80,1,1,0,1,0,Urban
4289,103,0,1,0,0,0,Urban
4290,87,1,1,1,1,1,Urban
4291,74,1,1,0,0,1,Urban
4292,48,1,1,0,1,1,Suburban
4293,97,1,1,1,0,1,Suburban
4294,86,1,0,1,0,0,Suburban
4295,105,1,1,1,1,1,Rural
4296,70,1,1,1,1,1,Rural
4297,47,1,1,1,0,0,Urban
4298,100,0,1,1,0,0,Suburban
4299,111,1,1,1,1,0,Suburban
4300,10,1,1,0,1,1,Urban
4301,57,1,1,1,0,0,Rural
4302,80,0,0,1,1,0,Urban
4303,13,1,1,1,0,1,Rural
4304,115,1,0,1,1,1,Urban
4305,61,1,0,1,0,0,Rural
4306,58,1,0,1,0,0,Urban
4307,84,0,0,1,0,0,Urban
4308,68,0,1,0,0,1,Urban
4309,84,1,1,0,0,0,Urban
4310,86,0,0,1,0,0,Suburban
4311,29,1,1,1,0,1,Rural
4312,16,1,1,1,0,0,Suburban
4313,107,0,0,0,1,0,Rural
4314,63,0,0,1,0,1,Urban
4315,47,0,0,0,1,0,Urban
4316,43,1,0,1,0,0,Urban
4317,23,1,0,1,0,0,Urban
4318,30,0,1,1,1,0,Urban
4319,57,1,0,0,1,0,Rural
4320,30,0,1,0,0,0,Urban
4321,107,1,1,1,0,0,Rural
4322,67,1,0,1,1,0,Suburban
4323,56,1,1,1,1,1,Urban
4324,24,1,1,1,1,0,Urban
4325,113,1,1,0,0,1,Urban
4326,101,0,0,0,0,0,Urban
4327,77,1,1,0,1,1,Rural
4328,106,1,0,0,1,0,Urban
4329,96,1,1,1,1,0,Suburban
4330,101,0,0,0,1,0,Urban
4331,76,0,0,0,1,1,Rural
4332,8,1,1,1,0,1,Suburban
4333,88,1,1,0,0,1,Urban
4334,44,1,1,1,1,1,Rural
4335,80,0,0,0,0,0,Urban
4336,96,0,0,1,0,0,Suburban
4337,34,1,0,1,0,1,Urban
4338,35,1,1,1,0,1,Suburban
4339,96,1,0,1,0,0,Suburban
4340,50,0,0,1,1,0,Urban
4341,17,0,0,1,0,0,Urban
4342,2,1,0,1,1,1,Urban
4343,90,1,1,1,0,0,Suburban
4344,54,1,1,0,0,1,Urban
4345,44,0,0,0,1,1,Rural
4346,81,1,0,1,1,1,Urban
4347,102,0,1,0,0,1,Urban
4348,49,1,1,1,1,1,Suburban
4349,2,1,1,0,0,1,Urban
4350,72,1,1,1,1,0,Suburban
4351,110,1,1,1,0,0,Suburban
4352,70,1,0,1,0,1,Rural
4353,9,1,0,1,1,1,Suburban
4354,1,1,1,0,1,0,Urban
4355,69,0,1,0,0,0,Urban
4356,103,1,1,1,1,0,Urban
4357,9,1,1,1,0,1,Suburban
4358,14,0,0,0,1,0,Urban
4359,27,1,0,0,0,0,Urban
4360,9,1,1,1,1,1,Suburban
4361,36,0,0,1,0,1,Suburban
4362,93,1,0,1,0,1,Suburban
4363,84,1,0,1,1,0,Urban
4364,79,1,1,1,1,0,Suburban
4365,100,0,0,1,1,0,Suburban
4366,3,1,1,0,0,1,Urban
4367,120,1,1,1,1,1,Rural
4368,117,1,1,0,1,1,Suburban
4369,23,1,1,0,1,0,Urban
4370,122,0,1,0,1,1,Urban
4371,118,1,1,1,0,0,Urban
4372,110,1,1,0,1,0,Suburban
4373,73,1,0,1,1,0,Urban
4374,30,1,0,1,0,0,Urban
4375,19,1,1,1,1,0,Rural
4376,102,1,0,1,1,1,Urban
4377,67,0,0,0,1,0,Suburban
4378,50,0,0,0,0,0,Urban
4379,48,1,1,1,1,1,Suburban
4380,3,1,0,1,0,1,Urban
4381,98,1,0,1,1,0,Rural
4382,66,1,0,1,1,1,Suburban
4383,122,1,1,0,1,1,Urban
4384,27,1,1,1,0,0,Urban
4385,87,1,0,0,1,1,Urban
4386,106,1,1,1,1,0,Urban
4387,96,0,1,1,0,0,Suburban
4388,111,1,1,1,1,0,Suburban
4389,99,1,0,1,1,0,Suburban
4390,40,1,0,1,1,0,Suburban
4391,18,0,1,0,0,1,Rural
4392,27,0,0,0,0,0,Urban
4393,11,1,1,1,1,0,Urban
4394,39,1,0,1,0,1,Urban
4395,19,1,0,1,0,0,Rural
4396,89,1,0,1,1,1,Suburban
4397,7,0,0,1,0,0,Urban
4398,95,1,1,1,1,1,Urban
4399,57,0,0,0,1,0,Rural
4400,2,1,1,0,1,1,Urban
4401,38,0,0,0,1,0,Suburban
4402,5,1,0,1,0,0,Rural
4403,78,0,0,0,0,0,Suburban
4404,82,1,1,1,1,1,Rural
4405,36,1,0,1,0,1,Suburban
4406,68,1,1,0,1,1,Urban
4407,88,1,1,1,1,1,Urban
4408,77,1,0,1,0,1,Rural
4409,119,1,1,0,1,1,Rural
4410,85,0,0,0,0,0,Urban
4411,57,1,1,0,0,0,Rural
4412,97,1,1,1,1,1,Suburban
4413,20,1,0,1,1,0,Urban
4414,5,1,1,0,1,0,Rural
4415,24,1,1,1,0,0,Urban
4416,99,1,0,1,0,0,Suburban
4417,30,1,1,1,0,0,Urban
4418,28,0,0,1,0,1,Urban
4419,53,1,1,1,0,1,Suburban
4420,51,1,0,1,1,1,Suburban
4421,109,1,0,1,1,0,Suburban
4422,7,1,0,1,0,0,Urban
4423,42,1,1,1,0,0,Suburban
4424,35,1,0,1,1,1,Suburban
4425,119,1,0,0,1,1,Rural
4426,94,1,0,1,1,1,Urban
4427,34,1,1,1,0,1,Urban
4428,103,0,0,0,0,0,Urban
4429,73,1,0,1,1,0,Urban
4430,117,1,1,1,1,1,Suburban
4431,76,1,1,1,0,1,Rural
4432,54,0,0,0,1,1,Urban
4433,29,1,1,0,0,1,Rural
4434,10,0,0,0,0,1,Urban
4435,27,1,0,0,1,0,Urban
4436,83,1,0,1,0,0,Suburban
4437,13,1,1,1,1,1,Rural
4438,42,1,1,1,0,0,Suburban
4439,37,0,0,1,0,0,Urban
4440,61,0,1,0,0,0,Rural
4441,96,1,0,1,0,0,Suburban
4442,79,0,1,1,0,0,Suburban
4443,21,1,1,0,1,1,Suburban
4444,3,1,1,1,1,1,Urban
4445,8,0,1,1,0,1,Suburban
4446,70,0,0,1,0,1,Rural
4447,93,1,1,1,1,1,Suburban
4448,83,1,1,1,0,0,Suburban
4449,17,1,1,1,0,0,Urban
4450,10,1,1,1,0,1,Urban
4451,97,1,1,0,1,1,Suburban
4452,13,1,0,0,0,1,Rural
4453,91,1,1,1,1,0,Suburban
4454,106,1,1,1,0,0,Urban
4455,12,1,1,0,0,1,Urban
4456,66,1,0,0,0,1,Suburban
4457,74,1,1,1,1,1,Urban
4458,85,1,1,1,1,0,Urban
4459,23,1,0,0,0,0,Urban
4460,65,1,1,1,0,0,Rural
4461,97,1,1,1,1,1,Suburban
4462,52,1,1,1,1,1,Urban
4463,61,1,0,1,0,0,Rural
4464,26,1,1,1,1,1,Suburban
4465,15,1,0,1,0,0,Suburban
4466,22,0,0,0,0,0,Urban
4467,89,1,1,1,0,1,Suburban
4468,65,1,1,1,1,0,Rural
4469,26,1,1,1,0,1,Suburban
4470,21,1,0,0,1,1,Suburban
4471,105,1,1,1,1,1,Rural
4472,24,1,1,1,1,0,Urban
4473,103,1,1,1,0,0,Urban
4474,16,0,0,0,0,0,Suburban
4475,32,1,1,1,1,0,Suburban
4476,16,1,0,1,1,0,Suburban
4477,77,1,1,1,1,1,Rural
4478,42,0,1,0,0,0,Suburban
4479,32,1,1,1,0,0,Suburban
4480,50,1,1,0,1,0,Urban
4481,41,0,1,0,0,0,Suburban
4482,108,1,1,0,1,1,Suburban
4483,24,1,0,1,0,0,Urban
4484,13,0,0,0,0,1,Rural
4485,75,1,0,1,0,1,Suburban
4486,79,1,1,1,0,0,Suburban
4487,10,1,1,0,0,1,Urban
4488,42,1,1,1,1,0,Suburban
4489,41,1,0,1,0,0,Suburban
4490,121,0,0,1,0,1,Rural
4491,121,1,1,1,1,1,Rural
4492,3,1,1,1,0,1,Urban
4493,55,1,1,0,0,1,Suburban
4494,16,1,1,0,1,0,Suburban
4495,44,0,1,1,1,1,Rural
4496,81,1,0,1,0,1,Urban
4497,89,1,0,0,0,1,Suburban
4498,30,1,1,1,1,0,Urban
4499,111,1,1,1,0,0,Suburban
4500,121,0,0,1,1,1,Rural
4501,99,1,1,1,1,0,Suburban
4502,37,1,1,1,1,0,Urban
4503,60,1,1,1,0,0,Urban
4504,77,0,1,1,0,1,Rural
4505,24,1,1,1,1,0,Urban
4506,102,1,0,1,0,1,Urban
4507,26,1,1,0,0,1,Suburban
4508,58,0,1,0,1,0,Urban
4509,9,1,0,1,0,1,Suburban
4510,61,0,1,1,0,0,Rural
4511,19,1,0,0,1,0,Rural
4512,28,1,0,1,0,1,Urban
4513,7,0,1,0,0,0,Urban
4514,45,0,0,1,0,0,Urban
4515,86,1,1,0,1,0,Suburban
4516,94,1,0,1,0,1,Urban
4517,63,1,1,1,0,1,Urban
4518,37,0,0,0,1,0,Urban
4519,16,0,0,1,1,0,Suburban
4520,100,1,1,1,0,0,Suburban
4521,5,1,1,1,1,0,Rural
4522,29,0,0,0,0,1,Rural
4523,52,1,0,1,1,1,Urban
4524,115,1,1,1,0,1,Urban
4525,23,1,0,1,0,0,Urban
4526,6,1,1,1,1,0,Rural
4527,36,1,1,1,0,1,Suburban
4528,57,1,1,1,0,0,Rural
4529,33,1,1,1,0,0,Rural
4530,49,1,0,1,1,1,Suburban
4531,41,0,1,1,0,0,Suburban
4532,80,0,0,1,0,0,Urban
4533,55,1,1,1,0,1,Suburban
4534,98,1,1,1,0,0,Rural
4535,107,1,1,0,0,0,Rural
4536,26,1,1,1,0,1,Suburban
4537,37,1,1,0,0,0,Urban
4538,77,0,1,1,0,1,Rural
4539,116,1,1,1,1,1,Urban
4540,17,1,1,1,1,0,Urban
4541,96,1,1,1,1,0,Suburban
4542,32,1,1,0,0,0,Suburban
4543,28,0,0,0,1,1,Urban
4544,93,0,0,0,0,1,Suburban
4545,25,1,1,1,1,0,Suburban
4546,47,1,1,1,0,0,Urban
4547,22,0,1,1,0,0,Urban
4548,91,1,0,0,0,0,Suburban
4549,61,1,1,1,0,0,Rural
4550,44,1,1,1,1,1,Rural
4551,102,1,1,1,1,1,Urban
4552,20,1,1,1,1,0,Urban
4553,109,1,1,0,1,0,Suburban
4554,50,1,0,1,0,0,Urban
4555,88,1,1,1,0,1,Urban
4556,47,0,0,1,1,0,Urban
4557,47,1,1,0,1,0,Urban
4558,72,1,1,1,1,0,Suburban
4559,51,1,0,0,0,1,Suburban
4560,55,1,1,1,1,1,Suburban
4561,78,1,0,0,1,0,Suburban
4562,39,0,1,0,0,1,Urban
4563,14,1,1,1,0,0,Urban
4564,69,1,0,1,0,0,Urban
4565,47,1,1,1,1,0,Urban
4566,21,1,0,1,0,1,Suburban
4567,15,1,1,0,0,0,Suburban
4568,120,1,0,1,0,1,Rural
4569,100,1,1,1,1,0,Suburban
4570,97,0,1,1,0,1,Suburban
4571,81,1,0,1,0,1,Urban
4572,121,1,0,0,1,1,Rural
4573,84,1,0,1,1,0,Urban
4574,1,0,0,0,0,0,Urban
4575,80,0,0,0,1,0,Urban
4576,109,1,1,1,1,0,Suburban
4577,82,0,1,1,0,1,Rural
4578,10,1,1,0,0,1,Urban
4579,23,1,1,1,0,0,Urban
4580,18,1,1,1,0,1,Rural
4581,113,0,1,1,0,1,Urban
4582,58,1,1,1,1,0,Urban
4583,73,0,0,0,0,0,Urban
4584,110,1,1,1,1,0,Suburban
4585,117,1,1,1,0,1,Suburban
4586,94,1,1,0,1,1,Urban
4587,77,0,0,0,0,1,Rural
4588,52,1,0,1,1,1,Urban
4589,116,1,0,0,1,1,Urban
4590,95,1,1,1,1,1,Urban
4591,46,0,1,0,0,1,Urban
4592,107,1,1,1,1,0,Rural
4593,13,1,1,1,1,1,Rural
4594,96,0,1,0,1,0,Suburban
4595,17,0,1,1,0,0,Urban
4596,67,0,1,0,1,0,Suburban
4597,61,1,0,1,0,0,Rural
4598,65,0,0,0,1,0,Rural
4599,53,0,1,0,1,1,Suburban
4600,5,1,1,1,0,0,Rural
4601,32,1,1,0,0,0,Suburban
4602,89,1,1,1,0,1,Suburban
4603,45,1,0,0,1,0,Urban
4604,56,1,1,1,0,1,Urban
4605,5,1,0,0,0,0,Rural
4606,101,1,1,1,1,0,Urban
4607,87,1,0,1,0,1,Urban
4608,76,1,1,1,0,1,Rural
4609,34,1,0,1,1,1,Urban
4610,61,0,1,0,0,0,Rural
4611,87,0,0,1,0,1,Urban
4612,80,1,1,1,0,0,Urban
4613,113,1,1,1,1,1,Urban
4614,62,1,0,1,1,0,Rural
4615,69,1,0,1,0,0,Urban
4616,63,1,0,0,0,1,Urban
4617,44,1,0,0,0,1,Rural
4618,111,1,0,1,1,0,Suburban
4619,28,1,1,1,0,1,Urban
4620,70,1,1,1,1,1,Rural
4621,13,1,1,1,0,1,Rural
4622,43,1,0,1,1,0,Urban
4623,30,1,1,0,1,0,Urban
4624,26,1,1,1,1,1,Suburban
4625,81,1,1,0,0,1,Urban
4626,63,1,0,1,1,1,Urban
4627,73,1,1,1,0,0,Urban
4628,57,1,1,1,0,0,Rural
4629,64,1,1,1,0,0,Suburban
4630,80,0,1,1,1,0,Urban
4631,49,0,1,0,1,1,Suburban
4632,52,1,0,1,1,1,Urban
4633,63,1,0,0,1,1,Urban
4634,120,1,0,1,0,1,Rural
4635,82,1,1,1,1,1,Rural
4636,13,0,0,1,1,1,Rural
4637,93,1,1,1,1,1,Suburban
4638,107,1,1,1,0,0,Rural
4639,109,0,0,1,1,0,Suburban
4640,88,1,1,1,1,1,Urban
4641,122,1,1,1,1,1,Urban
4642,45,0,0,1,0,0,Urban
4643,108,1,1,1,1,1,Suburban
4644,46,1,0,1,1,1,Urban
4645,77,1,1,0,0,1,Rural
4646,89,0,0,1,0,1,Suburban
4647,41,1,1,0,0,0,Suburban
4648,46,1,1,1,1,1,Urban
4649,1,0,0,0,0,0,Urban
4650,73,1,1,1,0,0,Urban
4651,68,1,1,0,1,1,Urban
4652,92,1,1,1,1,1,Urban
4653,12,1,1,0,0,1,Urban
4654,88,1,1,1,0,1,Urban
4655,110,1,1,1,1,0,Suburban
4656,73,1,0,1,1,0,Urban
4657,35,1,1,1,0,1,Suburban
4658,102,1,1,1,1,1,Urban
4659,99,0,1,1,0,0,Suburban
4660,33,1,1,1,1,0,Rural
4661,58,0,0,0,0,0,Urban
4662,118,1,1,1,0,0,Urban
4663,117,0,0,0,0,1,Suburban
4664,35,1,1,1,0,1,Suburban
4665,46,1,0,1,1,1,Urban
4666,84,1,1,0,1,0,Urban
4667,66,0,0,0,1,1,Suburban
4668,44,0,1,0,0,1,Rural
4669,26,1,1,1,0,1,Suburban
4670,42,1,1,1,0,0,Suburban
4671,77,1,1,1,0,1,Rural
4672,30,0,0,1,1,0,Urban
4673,116,1,1,1,0,1,Urban
4674,32,1,1,0,1,0,Suburban
4675,36,1,0,0,1,1,Suburban
4676,19,1,1,1,0,0,Rural
4677,22,0,0,1,1,0,Urban
4678,65,0,0,0,0,0,Rural
4679,57,0,1,1,0,0,Rural
4680,11,1,0,1,1,0,Urban
4681,26,1,1,1,0,1,Suburban
4682,48,1,1,1,0,1,Suburban
4683,19,1,1,0,1,0,Rural
4684,83,1,1,1,0,0,Suburban
4685,12,1,0,1,1,1,Urban
4686,67,1,0,1,0,0,Suburban
4687,119,0,1,0,0,1,Rural
4688,56,0,1,0,1,1,Urban
4689,18,1,0,1,1,1,Rural
4690,113,1,1,1,0,1,Urban
4691,5,0,1,1,0,0,Rural
4692,112,1,1,1,1,0,Suburban
4693,24,0,0,1,0,0,Urban
4694,78,1,1,1,1,0,Suburban
4695,115,0,0,1,1,1,Urban
4696,38,1,0,1,1,0,Suburban
4697,67,1,1,1,1,0,Suburban
4698,70,1,1,0,1,1,Rural
4699,76,1,0,1,1,1,Rural
4700,52,1,1,1,1,1,Urban
4701,75,1,0,0,1,1,Suburban
4702,39,1,0,1,0,1,Urban
4703,59,0,0,0,0,0,Urban
4704,26,1,0,1,1,1,Suburban
4705,65,1,0,1,1,0,Rural
4706,80,0,0,0,0,0,Urban
4707,48,1,1,1,0,1,Suburban
4708,113,1,1,0,1,1,Urban
4709,111,1,1,1,1,0,Suburban
4710,53,0,0,1,0,1,Suburban
4711,9,1,1,1,1,1,Suburban
4712,5,1,0,1,1,0,Rural
4713,116,1,1,1,1,1,Urban
4714,72,0,0,1,1,0,Suburban
4715,61,1,1,1,0,0,Rural
4716,21,1,0,1,1,1,Suburban
4717,97,1,1,0,1,1,Suburban
4718,103,1,1,1,1,0,Urban
4719,107,1,1,0,0,0,Rural
4720,63,0,0,1,0,1,Urban
4721,20,1,1,1,0,0,Urban
4722,58,0,1,0,0,0,Urban
4723,117,1,0,1,1,1,Suburban
4724,45,0,0,1,1,0,Urban
4725,22,1,0,1,1,0,Urban
4726,77,1,1,1,1,1,Rural
4727,103,0,1,1,0,0,Urban
4728,75,0,0,0,1,1,Suburban
4729,82,1,1,1,1,1,Rural
4730,63,1,0,0,1,1,Urban
4731,30,1,1,1,1,0,Urban
4732,63,1,1,1,1,1,Urban
4733,97,1,1,1,1,1,Suburban
4734,44,1,1,0,0,1,Rural
4735,67,1,1,0,1,0,Suburban
4736,58,1,1,1,1,0,Urban
4737,65,1,0,1,0,0,Rural
4738,36,1,1,1,1,1,Suburban
4739,6,1,0,1,1,0,Rural
4740,37,0,0,1,1,0,Urban
4741,93,1,1,0,1,1,Suburban
4742,75,1,1,1,1,1,Suburban
4743,116,1,0,0,0,1,Urban
4744,55,1,0,1,0,1,Suburban
4745,77,0,0,1,1,1,Rural
4746,75,1,0,1,1,1,Suburban
4747,59,1,0,0,1,0,Urban
4748,38,1,1,0,0,0,Suburban
4749,115,1,1,1,0,1,Urban
4750,25,0,0,1,1,0,Suburban
4751,79,1,1,1,0,0,Suburban
4752,117,0,0,1,1,1,Suburban
4753,77,1,1,1,1,1,Rural
4754,106,0,1,0,1,0,Urban
4755,33,0,0,1,0,0,Rural
4756,13,1,1,0,1,1,Rural
4757,38,1,1,1,1,0,Suburban
4758,117,1,1,1,0,1,Suburban
4759,58,0,0,0,0,0,Urban
4760,88,1,1,1,0,1,Urban
4761,20,0,0,0,0,0,Urban
4762,108,1,1,1,1,1,Suburban
4763,17,1,0,1,1,0,Urban
4764,114,0,0,0,1,1,Suburban
4765,24,0,1,0,1,0,Urban
4766,26,1,1,1,1,1,Suburban
4767,40,1,1,1,0,0,Suburban
4768,32,1,0,0,1,0,Suburban
4769,93,0,1,0,1,1,Suburban
4770,78,1,0,1,1,0,Suburban
4771,37,1,1,0,1,0,Urban
4772,86,1,1,1,1,0,Suburban
4773,98,1,1,1,1,0,Rural
4774,91,1,1,1,1,0,Suburban
4775,92,0,1,1,0,1,Urban
4776,121,1,0,0,1,1,Rural
4777,86,0,0,1,1,0,Suburban
4778,60,1,1,0,0,0,Urban
4779,57,1,0,1,0,0,Rural
4780,107,0,0,0,1,0,Rural
4781,58,1,0,0,0,0,Urban
4782,67,1,1,1,0,0,Suburban
4783,22,1,1,1,1,0,Urban
4784,58,1,1,1,1,0,Urban
4785,112,1,0,0,1,0,Suburban
4786,85,1,1,0,0,0,Urban
4787,80,1,1,1,0,0,Urban
4788,73,1,1,0,0,0,Urban
4789,77,1,1,1,0,1,Rural
4790,74,0,0,1,0,1,Urban
4791,49,1,1,0,1,1,Suburban
4792,121,1,1,1,1,1,Rural
4793,85,0,0,0,0,0,Urban
4794,49,1,0,1,0,1,Suburban
4795,42,1,0,1,1,0,Suburban
4796,40,1,0,1,1,0,Suburban
4797,71,1,0,1,0,1,Rural
4798,46,1,1,0,1,1,Urban
4799,22,1,1,1,0,0,Urban
4800,82,1,0,1,0,1,Rural
4801,21,1,0,1,0,1,Suburban
4802,51,1,0,1,1,1,Suburban
4803,114,0,1,0,0,1,Suburban
4804,14,1,1,1,0,0,Urban
4805,74,1,1,1,0,1,Urban
4806,97,1,1,0,1,1,Suburban
4807,9,1,1,1,0,1,Suburban
4808,18,1,0,0,0,1,Rural
4809,13,1,1,1,0,1,Rural
4810,17,1,1,1,0,0,Urban
4811,87,1,1,0,1,1,Urban
4812,25,0,0,0,0,0,Suburban
4813,54,1,1,1,0,1,Urban
4814,16,1,1,1,1,0,Suburban
4815,24,1,1,1,0,0,Urban
4816,95,1,1,1,0,1,Urban
4817,75,1,0,0,0,1,Suburban
4818,23,1,0,1,1,0,Urban
4819,41,1,1,1,1,0,Suburban
4820,103,0,1,0,1,0,Urban
4821,86,1,0,1,1,0,Suburban
4822,33,1,1,1,1,0,Rural
4823,105,1,1,0,1,1,Rural
4824,42,1,1,0,1,0,Suburban
4825,48,0,0,1,0,1,Suburban
4826,117,1,1,1,0,1,Suburban
4827,18,1,1,1,1,1,Rural
4828,63,1,0,1,1,1,Urban
4829,78,1,1,1,0,0,Suburban
4830,92,0,1,0,1,1,Urban
4831,11,0,0,0,0,0,Urban
4832,24,1,1,0,0,0,Urban
4833,61,0,0,1,0,0,Rural
4834,64,1,1,0,1,0,Suburban
4835,36,1,1,1,0,1,Suburban
4836,83,1,1,1,1,0,Suburban
4837,77,1,1,1,1,1,Rural
4838,97,1,1,1,1,1,Suburban
4839,53,1,0,0,0,1,Suburban
4840,83,1,1,1,1,0,Suburban
4841,47,1,1,1,0,0,Urban
4842,52,1,1,0,0,1,Urban
4843,96,1,0,1,1,0,Suburban
4844,79,1,1,0,0,0,Suburban
4845,57,0,1,1,0,0,Rural
4846,75,1,1,1,0,1,Suburban
4847,23,1,1,0,1,0,Urban
4848,59,0,1,1,0,0,Urban
4849,69,1,0,1,1,0,Urban
4850,56,1,1,1,1,1,Urban
4851,86,1,1,1,1,0,Suburban
4852,42,1,1,1,1,0,Suburban
4853,18,1,0,1,0,1,Rural
4854,71,1,1,1,0,1,Rural
4855,33,1,1,0,0,0,Rural
4856,3,1,1,1,0,1,Urban
4857,28,1,1,1,1,1,Urban
4858,1,1,1,1,0,0,Urban
4859,63,0,1,0,0,1,Urban
4860,113,1,1,0,1,1,Urban
4861,47,1,1,0,1,0,Urban
4862,37,1,1,0,1,0,Urban
4863,86,1,1,1,1,0,Suburban
4864,48,1,1,1,1,1,Suburban
4865,108,1,0,1,1,1,Suburban
4866,19,0,0,1,0,0,Rural
4867,14,0,0,1,1,0,Urban
4868,67,0,0,1,1,0,Suburban
4869,83,0,0,0,0,0,Suburban
4870,97,0,0,0,0,1,Suburban
4871,85,1,1,1,1,0,Urban
4872,65,0,0,0,1,0,Rural
4873,26,1,1,1,0,1,Suburban
4874,10,1,1,1,0,1,Urban
4875,99,1,0,1,1,0,Suburban
4876,77,1,1,1,1,1,Rural
4877,70,1,1,1,0,1,Rural
4878,43,1,0,0,0,0,Urban
4879,70,0,1,1,1,1,Rural
4880,99,1,1,1,0,0,Suburban
4881,80,1,0,1,1,0,Urban
4882,105,0,0,1,0,1,Rural
4883,72,1,1,0,0,0,Suburban
4884,59,1,1,1,0,0,Urban
4885,3,1,1,0,0,1,Urban
4886,5,0,0,0,0,0,Rural
4887,85,1,1,1,0,0,Urban
4888,95,1,1,1,1,1,Urban
4889,78,0,1,0,0,0,Suburban
4890,101,0,1,0,1,0,Urban
4891,83,1,0,1,0,0,Suburban
4892,37,1,1,0,1,0,Urban
4893,117,0,0,0,0,1,Suburban
4894,84,1,1,1,0,0,Urban
4895,52,1,0,1,1,1,Urban
4896,66,0,0,0,1,1,Suburban
4897,121,1,1,1,1,1,Rural
4898,63,1,1,1,1,1,Urban
4899,7,1,1,1,1,0,Urban
4900,97,0,0,1,0,1,Suburban
4901,53,1,1,1,1,1,Suburban
4902,114,1,0,0,1,1,Suburban
4903,106,1,0,1,1,0,Urban
4904,6,1,0,1,1,0,Rural
4905,7,0,0,1,0,0,Urban
4906,44,0,1,1,0,1,Rural
4907,18,1,1,1,1,1,Rural
4908,107,1,1,1,1,0,Rural
4909,54,0,0,1,1,1,Urban
4910,29,1,0,1,1,1,Rural
4911,83,1,0,1,0,0,Suburban
4912,25,1,1,1,0,0,Suburban
4913,63,0,1,0,0,1,Urban
4914,68,1,0,1,1,1,Urban
4915,115,1,1,1,1,1,Urban
4916,13,1,1,0,0,1,Rural
4917,32,1,0,1,1,0,Suburban
4918,27,1,1,1,0,0,Urban
4919,51,1,1,1,0,1,Suburban
4920,34,0,1,1,1,1,Urban
4921,28,1,1,0,0,1,Urban
4922,73,1,0,0,1,0,Urban
4923,72,1,1,1,1,0,Suburban
4924,85,1,1,1,1,0,Urban
4925,110,1,1,1,0,0,Suburban
4926,30,1,0,0,0,0,Urban
4927,93,1,1,0,1,1,Suburban
4928,9,1,1,1,1,1,Suburban
4929,13,1,1,1,1,1,Rural
4930,82,1,1,1,0,1,Rural
4931,64,1,1,1,0,0,Suburban
4932,38,0,0,1,1,0,Suburban
4933,119,1,0,1,1,1,Rural
4934,22,1,1,1,0,0,Urban
4935,31,0,1,0,0,1,Urban
4936,99,1,0,0,1,0,Suburban
4937,42,1,1,1,0,0,Suburban
4938,62,1,0,1,0,0,Rural
4939,106,1,1,0,0,0,Urban
4940,64,1,0,1,0,0,Suburban
4941,74,1,0,1,1,1,Urban
4942,9,1,0,1,0,1,Suburban
4943,95,1,0,1,0,1,Urban
4944,44,1,1,1,0,1,Rural
4945,120,0,0,1,0,1,Rural
4946,63,0,1,1,1,1,Urban
4947,40,0,1,1,0,0,Suburban
4948,88,1,0,1,1,1,Urban
4949,41,1,0,1,0,0,Suburban
4950,113,0,0,0,0,1,Urban
4951,72,1,1,1,0,0,Suburban
4952,50,0,0,1,0,0,Urban
4953,20,1,0,1,1,0,Urban
4954,81,1,1,1,0,1,Urban
4955,92,1,1,1,1,1,Urban
4956,70,0,1,0,0,1,Rural
4957,42,1,1,1,0,0,Suburban
4958,33,1,0,1,0,0,Rural
4959,92,1,0,0,1,1,Urban
4960,117,1,0,1,0,1,Suburban
4961,63,1,0,1,0,1,Urban
4962,57,1,1,1,0,0,Rural
4963,65,1,0,1,0,0,Rural
4964,105,0,1,0,1,1,Rural
4965,52,1,0,1,1,1,Urban
4966,99,1,1,1,1,0,Suburban
4967,88,0,0,0,1,1,Urban
4968,6,1,1,1,1,0,Rural
4969,7,1,1,1,0,0,Urban
4970,9,1,0,1,1,1,Suburban
4971,101,1,1,1,0,0,Urban
4972,61,0,0,0,0,0,Rural
4973,80,1,1,0,1,0,Urban
4974,34,1,0,1,1,1,Urban
4975,35,1,1,1,1,1,Suburban
4976,99,1,1,1,1,0,Suburban
4977,20,1,1,1,0,0,Urban
4978,58,0,1,1,0,0,Urban
4979,87,1,1,1,0,1,Urban
4980,60,0,1,0,1,0,Urban
4981,106,0,1,0,1,0,Urban
4982,54,1,1,1,0,1,Urban
4983,35,0,1,1,0,1,Suburban
4984,47,1,0,1,0,0,Urban
4985,46,1,1,0,1,1,Urban
4986,87,1,1,0,1,1,Urban
4987,4,1,0,0,0,1,Suburban
4988,10,1,1,1,1,1,Urban
4989,107,1,0,1,1,0,Rural
4990,75,1,1,1,0,1,Suburban
4991,40,1,1,1,1,0,Suburban
4992,55,1,1,1,0,1,Suburban
4993,119,1,0,1,0,1,Rural
4994,73,1,0,1,0,0,Urban
4995,40,1,1,1,1,0,Suburban
4996,76,1,1,1,1,1,Rural
4997,81,1,0,1,0,1,Urban
4998,96,1,1,1,1,0,Suburban
4999,23,1,1,1,0,0,Urban
5000,15,0,0,1,1,0,Suburban
5001,115,1,0,1,1,1,Urban
5002,92,1,1,1,0,1,Urban
5003,116,1,0,0,0,1,Urban
5004,102,1,0,1,1,1,Urban
5005,5,1,1,1,0,0,Rural
5006,40,1,1,1,1,0,Suburban
5007,18,1,1,0,1,1,Rural
5008,117,1,0,1,1,1,Suburban
5009,21,1,0,1,0,1,Suburban
5010,79,1,1,1,0,0,Suburban
5011,3,0,0,0,0,1,Urban
5012,46,1,1,0,1,1,Urban
5013,90,1,1,1,0,0,Suburban
5014,79,0,1,0,0,0,Suburban
5015,109,1,1,0,1,0,Suburban
5016,53,1,0,1,1,1,Suburban
5017,20,1,1,1,0,0,Urban
5018,59,1,0,1,1,0,Urban
5019,21,1,1,0,1,1,Suburban
5020,90,1,1,1,0,0,Suburban
5021,105,1,0,0,0,1,Rural
5022,87,0,1,1,1,1,Urban
5023,113,1,1,1,1,1,Urban
5024,51,1,1,0,0,1,Suburban
5025,25,0,0,1,0,0,Suburban
5026,68,0,1,1,0,1,Urban
5027,116,1,1,1,1,1,Urban
5028,10,1,1,1,0,1,Urban
5029,86,1,1,1,0,0,Suburban
5030,67,1,0,1,1,0,Suburban
5031,83,1,1,1,1,0,Suburban
5032,95,1,1,0,1,1,Urban
5033,9,0,1,0,0,1,Suburban
5034,29,1,1,1,0,1,Rural
5035,37,0,0,0,0,0,Urban
5036,110,1,1,1,1,0,Suburban
5037,71,1,0,1,1,1,Rural
5038,117,1,1,1,0,1,Suburban
5039,38,1,1,0,0,0,Suburban
5040,88,1,0,0,1,1,Urban
5041,72,1,1,1,1,0,Suburban
5042,98,0,0,1,0,0,Rural
5043,59,1,0,1,1,0,Urban
5044,57,1,1,1,1,0,Rural
5045,90,0,1,1,1,0,Suburban
5046,60,1,0,1,1,0,Urban
5047,28,1,1,0,1,1,Urban
5048,28,1,1,1,1,1,Urban
5049,46,1,1,0,1,1,Urban
5050,118,1,1,1,0,0,Urban
5051,71,0,0,1,0,1,Rural
5052,67,0,1,0,1,0,Suburban
5053,116,0,1,0,1,1,Urban
5054,86,1,0,1,1,0,Suburban
5055,55,1,1,1,0,1,Suburban
5056,38,1,1,0,1,0,Suburban
5057,117,1,0,1,0,1,Suburban
5058,110,1,1,1,1,0,Suburban
5059,108,1,0,1,0,1,Suburban
5060,18,0,0,0,0,1,Rural
5061,76,0,1,0,0,1,Rural
5062,95,1,1,0,1,1,Urban
5063,63,1,1,1,0,1,Urban
5064,103,1,1,1,0,0,Urban
5065,5,1,0,1,0,0,Rural
5066,44,0,0,0,0,1,Rural
5067,105,1,1,1,1,1,Rural
5068,29,1,0,1,0,1,Rural
5069,107,0,0,1,0,0,Rural
5070,100,1,0,1,1,0,Suburban
5071,14,1,1,0,1,0,Urban
5072,58,1,1,1,1,0,Urban
5073,44,1,1,0,1,1,Rural
5074,18,1,0,1,1,1,Rural
5075,7,1,1,0,0,0,Urban
5076,87,1,1,0,1,1,Urban
5077,97,1,1,1,1,1,Suburban
5078,62,0,1,0,1,0,Rural
5079,45,0,1,1,1,0,Urban
5080,16,0,0,0,1,0,Suburban
5081,64,1,1,0,0,0,Suburban
5082,37,0,1,0,0,0,Urban
5083,115,1,1,1,1,1,Urban
5084,25,1,1,1,1,0,Suburban
5085,9,1,1,1,0,1,Suburban
5086,55,1,1,1,1,1,Suburban
5087,28,1,1,0,1,1,Urban
5088,9,1,1,0,0,1,Suburban
5089,12,0,1,0,1,1,Urban
5090,18,1,1,1,1,1,Rural
5091,91,0,0,0,0,0,Suburban
5092,90,0,0,0,1,0,Suburban
5093,56,1,1,0,0,1,Urban
5094,90,1,1,1,0,0,Suburban
5095,74,0,0,1,0,1,Urban
5096,58,1,1,1,1,0,Urban
5097,81,1,0,1,0,1,Urban
5098,51,0,0,1,0,1,Suburban
5099,32,1,1,0,1,0,Suburban
5100,88,1,1,1,0,1,Urban
5101,107,1,0,1,1,0,Rural
5102,48,1,1,1,1,1,Suburban
5103,8,1,1,0,1,1,Suburban
5104,30,1,1,0,1,0,Urban
5105,26,1,1,0,0,1,Suburban
5106,24,0,0,1,0,0,Urban
5107,27,1,0,1,1,0,Urban
5108,79,0,0,0,1,0,Suburban
5109,92,1,1,1,0,1,Urban
5110,75,1,1,1,1,1,Suburban
5111,39,1,1,1,0,1,Urban
5112,66,1,1,1,1,1,Suburban
5113,51,0,1,0,1,1,Suburban
5114,73,1,0,1,1,0,Urban
5115,50,0,0,1,1,0,Urban
5116,45,1,1,1,1,0,Urban
5117,87,1,0,1,0,1,Urban
5118,33,1,1,1,1,0,Rural
5119,19,1,1,1,1,0,Rural
5120,13,1,0,1,1,1,Rural
5121,78,1,1,1,1,0,Suburban
5122,96,1,0,1,0,0,Suburban
5123,113,0,0,1,1,1,Urban
5124,22,1,1,1,1,0,Urban
5125,20,1,0,1,0,0,Urban
5126,97,0,1,0,0,1,Suburban
5127,5,0,1,1,1,0,Rural
5128,84,0,1,1,0,0,Urban
5129,78,1,1,1,0,0,Suburban
5130,91,0,0,0,0,0,Suburban
5131,90,1,1,1,1,0,Suburban
5132,32,1,0,1,1,0,Suburban
5133,30,1,1,0,0,0,Urban
5134,91,1,1,0,1,0,Suburban
5135,26,0,0,0,1,1,Suburban
5136,82,0,1,1,0,1,Rural
5137,109,1,1,1,0,0,Suburban
5138,87,1,1,1,1,1,Urban
5139,108,1,1,0,0,1,Suburban
5140,111,1,1,1,1,0,Suburban
5141,88,0,0,1,0,1,Urban
5142,4,1,1,0,0,1,Suburban
5143,105,1,1,0,1,1,Rural
5144,67,0,0,0,0,0,Suburban
5145,118,0,1,0,1,0,Urban
5146,43,0,0,0,0,0,Urban
5147,30,1,1,1,0,0,Urban
5148,111,1,1,0,0,0,Suburban
5149,16,0,0,0,0,0,Suburban
5150,71,1,1,1,0,1,Rural
5151,39,1,0,1,0,1,Urban
5152,86,0,1,0,1,0,Suburban
5153,41,1,1,1,1,0,Suburban
5154,31,1,1,0,0,1,Urban
5155,49,1,1,1,1,1,Suburban
5156,13,0,0,1,0,1,Rural
5157,105,1,1,1,0,1,Rural
5158,41,1,0,1,1,0,Suburban
5159,116,1,0,1,0,1,Urban
5160,93,1,1,1,0,1,Suburban
5161,28,1,1,1,0,1,Urban
5162,108,1,0,1,1,1,Suburban
5163,64,1,0,1,1,0,Suburban
5164,117,1,1,1,0,1,Suburban
5165,19,1,1,0,0,0,Rural
5166,87,1,1,1,1,1,Urban
5167,111,0,0,1,1,0,Suburban
5168,114,1,1,1,0,1,Suburban
5169,72,1,0,1,0,0,Suburban
5170,25,1,1,1,0,0,Suburban
5171,38,1,1,1,1,0,Suburban
5172,121,1,1,0,1,1,Rural
5173,102,0,1,0,0,1,Urban
5174,99,1,1,0,0,0,Suburban
5175,90,1,1,1,1,0,Suburban
5176,3,1,1,1,1,1,Urban
5177,2,1,1,1,1,1,Urban
5178,5,1,1,0,0,0,Rural
5179,61,0,0,0,1,0,Rural
5180,20,1,1,1,1,0,Urban
5181,76,1,1,1,0,1,Rural
5182,38,1,1,1,1,0,Suburban
5183,80,1,0,0,1,0,Urban
5184,101,1,1,0,1,0,Urban
5185,102,1,0,1,1,1,Urban
5186,36,0,0,0,0,1,Suburban
5187,46,1,0,1,0,1,Urban
5188,93,1,1,0,0,1,Suburban
5189,99,1,0,0,1,0,Suburban
5190,113,0,1,0,0,1,Urban
5191,37,1,1,1,1,0,Urban
5192,54,1,0,1,0,1,Urban
5193,21,1,1,1,1,1,Suburban
5194,21,1,0,1,1,1,Suburban
5195,92,1,1,0,1,1,Urban
5196,70,1,0,1,1,1,Rural
5197,84,1,1,1,1,0,Urban
5198,60,1,1,0,0,0,Urban
5199,36,1,1,1,0,1,Suburban
5200,77,1,0,1,0,1,Rural
5201,104,1,1,1,1,1,Urban
5202,11,1,1,1,0,0,Urban
5203,88,1,1,1,1,1,Urban
5204,83,0,0,0,0,0,Suburban
5205,87,1,1,1,1,1,Urban
5206,31,1,1,0,1,1,Urban
5207,101,1,1,1,1,0,Urban
5208,37,1,1,1,1,0,Urban
5209,60,1,1,1,0,0,Urban
5210,61,1,1,1,0,0,Rural
5211,67,1,0,1,1,0,Suburban
5212,98,1,1,1,0,0,Rural
5213,29,1,1,1,1,1,Rural
5214,67,1,1,1,1,0,Suburban
5215,79,1,0,1,1,0,Suburban
5216,71,0,0,1,0,1,Rural
5217,67,0,0,0,1,0,Suburban
5218,111,1,1,0,0,0,Suburban
5219,107,1,1,1,0,0,Rural
5220,16,1,1,1,0,0,Suburban
5221,45,1,1,0,0,0,Urban
5222,34,1,1,1,0,1,Urban
5223,84,0,0,0,0,0,Urban
5224,44,1,0,1,1,1,Rural
5225,117,0,0,0,0,1,Suburban
5226,103,1,1,1,1,0,Urban
5227,97,1,0,0,0,1,Suburban
5228,78,1,1,1,0,0,Suburban
5229,120,0,1,1,1,1,Rural
5230,42,0,0,1,1,0,Suburban
5231,35,1,1,1,0,1,Suburban
5232,75,0,1,0,0,1,Suburban
5233,118,1,1,1,0,0,Urban
5234,84,0,0,0,0,0,Urban
5235,30,1,0,1,1,0,Urban
5236,53,1,1,0,1,1,Suburban
5237,58,1,0,1,0,0,Urban
5238,28,1,1,0,1,1,Urban
5239,15,0,1,0,0,0,Suburban
5240,38,0,0,1,1,0,Suburban
5241,50,1,0,0,1,0,Urban
5242,13,1,0,0,1,1,Rural
5243,111,1,1,1,0,0,Suburban
5244,35,1,0,1,1,1,Suburban
5245,111,1,0,1,0,0,Suburban
5246,24,1,0,0,1,0,Urban
5247,120,0,1,1,0,1,Rural
5248,65,1,0,1,0,0,Rural
5249,106,1,1,1,1,0,Urban
5250,88,1,1,1,0,1,Urban
5251,91,1,1,0,1,0,Suburban
5252,18,1,1,0,1,1,Rural
5253,58,1,1,1,1,0,Urban
5254,26,0,0,1,0,1,Suburban
5255,29,0,1,0,0,1,Rural
5256,72,0,0,1,1,0,Suburban
5257,44,0,1,1,0,1,Rural
5258,90,1,1,1,1,0,Suburban
5259,5,1,1,1,1,0,Rural
5260,33,1,1,1,1,0,Rural
5261,104,1,1,0,1,1,Urban
5262,5,1,1,1,1,0,Rural
5263,113,1,1,0,0,1,Urban
5264,111,1,1,1,0,0,Suburban
5265,36,1,1,1,0,1,Suburban
5266,77,1,1,0,1,1,Rural
5267,81,1,1,1,1,1,Urban
5268,13,1,0,1,1,1,Rural
5269,25,1,0,1,1,0,Suburban
5270,58,1,0,1,1,0,Urban
5271,2,1,1,0,0,1,Urban
5272,88,1,0,1,0,1,Urban
5273,36,0,0,0,0,1,Suburban
5274,25,1,0,1,1,0,Suburban
5275,34,1,1,1,0,1,Urban
5276,12,1,0,0,1,1,Urban
5277,19,0,0,0,1,0,Rural
5278,114,1,1,1,0,1,Suburban
5279,106,1,0,1,0,0,Urban
5280,94,1,1,1,0,1,Urban
5281,37,0,1,1,0,0,Urban
5282,107,1,1,0,1,0,Rural
5283,1,0,0,0,0,0,Urban
5284,60,1,1,1,1,0,Urban
5285,67,0,1,0,1,0,Suburban
5286,49,1,1,1,0,1,Suburban
5287,90,1,1,1,1,0,Suburban
5288,79,1,1,1,1,0,Suburban
5289,46,1,0,0,1,1,Urban
5290,120,1,0,0,0,1,Rural
5291,111,1,1,1,0,0,Suburban
5292,48,1,1,1,0,1,Suburban
5293,92,0,1,0,0,1,Urban
5294,68,1,0,1,1,1,Urban
5295,19,1,1,1,1,0,Rural
5296,88,1,1,0,1,1,Urban
5297,121,0,1,0,0,1,Rural
5298,40,1,0,1,0,0,Suburban
5299,6,1,0,1,1,0,Rural
5300,80,0,0,1,0,0,Urban
5301,96,1,0,1,0,0,Suburban
5302,94,1,1,0,1,1,Urban
5303,63,1,1,1,0,1,Urban
5304,35,1,1,0,1,1,Suburban
5305,72,1,1,1,0,0,Suburban
5306,61,1,1,1,1,0,Rural
5307,5,1,1,1,1,0,Rural
5308,37,1,1,0,0,0,Urban
5309,76,1,0,1,1,1,Rural
5310,89,1,0,1,1,1,Suburban
5311,97,1,0,1,1,1,Suburban
5312,103,1,0,1,0,0,Urban
5313,88,1,1,1,1,1,Urban
5314,11,1,0,1,0,0,Urban
5315,106,1,1,1,1,0,Urban
5316,99,0,0,1,1,0,Suburban
5317,40,1,1,1,0,0,Suburban
5318,65,1,0,1,1,0,Rural
5319,8,1,1,1,0,1,Suburban
5320,87,1,1,1,0,1,Urban
5321,84,0,0,1,1,0,Urban
5322,96,0,1,0,1,0,Suburban
5323,11,1,0,1,0,0,Urban
5324,71,0,0,1,0,1,Rural
5325,58,1,0,1,1,0,Urban
5326,94,0,0,0,1,1,Urban
5327,48,0,0,0,0,1,Suburban
5328,103,1,1,1,0,0,Urban
5329,13,1,0,1,1,1,Rural
5330,106,0,0,1,1,0,Urban
5331,60,1,0,0,1,0,Urban
5332,49,1,1,0,0,1,Suburban
5333,67,1,0,1,1,0,Suburban
5334,7,1,0,0,1,0,Urban
5335,107,0,0,0,0,0,Rural
5336,77,1,1,1,1,1,Rural
5337,101,1,1,1,1,0,Urban
5338,25,1,1,1,0,0,Suburban
5339,23,1,0,1,1,0,Urban
5340,51,1,0,0,1,1,Suburban
5341,47,1,1,1,1,0,Urban
5342,97,1,1,0,1,1,Suburban
5343,5,0,1,0,0,0,Rural
5344,96,1,1,1,0,0,Suburban
5345,94,1,0,1,1,1,Urban
5346,95,0,0,0,0,1,Urban
5347,13,1,1,0,0,1,Rural
5348,42,1,1,0,1,0,Suburban
5349,5,1,1,1,0,0,Rural
5350,23,1,0,1,1,0,Urban
5351,62,1,1,1,0,0,Rural
5352,1,0,1,0,0,0,Urban
5353,74,1,1,1,1,1,Urban
5354,114,0,0,0,1,1,Suburban
5355,91,0,0,1,1,0,Suburban
5356,54,1,0,0,1,1,Urban
5357,72,0,1,1,1,0,Suburban
5358,116,1,1,1,1,1,Urban
5359,3,0,1,1,1,1,Urban
5360,83,1,0,1,1,0,Suburban
5361,64,1,1,1,0,0,Suburban
5362,51,1,1,1,1,1,Suburban
5363,2,1,0,1,0,1,Urban
5364,49,1,0,1,1,1,Suburban
5365,31,0,1,0,0,1,Urban
5366,112,0,1,1,1,0,Suburban
5367,117,1,1,1,1,1,Suburban
5368,74,0,0,0,1,1,Urban
5369,117,1,0,1,1,1,Suburban
5370,80,0,1,0,1,0,Urban
5371,101,1,1,1,0,0,Urban
5372,84,0,0,1,1,0,Urban
5373,3,1,0,1,0,1,Urban
5374,35,1,1,1,1,1,Suburban
5375,98,1,1,1,0,0,Rural
5376,85,1,1,1,1,0,Urban
5377,36,1,1,1,1,1,Suburban
5378,64,1,0,1,1,0,Suburban
5379,32,1,0,1,1,0,Suburban
5380,118,1,0,1,1,0,Urban
5381,18,1,1,1,0,1,Rural
5382,34,1,0,1,1,1,Urban
5383,56,1,1,1,1,1,Urban
5384,102,1,1,1,0,1,Urban
5385,67,1,1,1,0,0,Suburban
5386,53,1,1,1,0,1,Suburban
5387,67,1,0,1,1,0,Suburban
5388,91,0,1,1,0,0,Suburban
5389,66,1,1,1,0,1,Suburban
5390,64,1,1,1,0,0,Suburban
5391,67,0,1,1,1,0,Suburban
5392,81,1,1,1,1,1,Urban
5393,110,1,1,1,1,0,Suburban
5394,39,1,0,1,1,1,Urban
5395,118,1,1,0,0,0,Urban
5396,117,1,1,0,0,1,Suburban
5397,38,1,1,1,1,0,Suburban
5398,40,1,0,1,0,0,Suburban
5399,19,1,1,1,0,0,Rural
5400,83,1,1,0,1,0,Suburban
5401,108,1,1,1,0,1,Suburban
5402,5,1,1,0,1,0,Rural
5403,69,1,1,1,0,0,Urban
5404,14,1,0,1,1,0,Urban
5405,91,1,0,1,0,0,Suburban
5406,49,1,1,1,0,1,Suburban
5407,64,1,0,1,0,0,Suburban
5408,112,1,0,1,1,0,Suburban
5409,100,1,1,1,1,0,Suburban
5410,57,0,1,0,0,0,Rural
5411,104,1,1,1,1,1,Urban
5412,35,1,1,1,1,1,Suburban
5413,85,1,0,1,1,0,Urban
5414,5,0,0,0,1,0,Rural
5415,119,0,0,0,0,1,Rural
5416,88,1,0,1,1,1,Urban
5417,121,0,1,1,1,1,Rural
5418,39,1,1,1,0,1,Urban
5419,114,1,0,1,0,1,Suburban
5420,24,1,1,1,1,0,Urban
5421,40,1,0,0,1,0,Suburban
5422,107,1,0,1,1,0,Rural
5423,110,1,0,1,1,0,Suburban
5424,50,1,0,1,1,0,Urban
5425,77,0,1,0,0,1,Rural
5426,102,1,0,1,0,1,Urban
5427,109,1,0,1,0,0,Suburban
5428,58,1,1,1,0,0,Urban
5429,1,1,0,1,0,0,Urban
5430,43,1,1,0,1,0,Urban
5431,39,0,0,1,1,1,Urban
5432,10,0,1,0,1,1,Urban
5433,2,1,1,1,1,1,Urban
5434,63,1,1,1,1,1,Urban
5435,16,1,0,0,1,0,Suburban
5436,37,0,1,1,1,0,Urban
5437,16,0,1,1,0,0,Suburban
5438,87,1,1,1,0,1,Urban
5439,90,1,0,1,1,0,Suburban
5440,80,1,1,1,0,0,Urban
5441,27,1,1,0,1,0,Urban
5442,63,1,0,0,0,1,Urban
5443,111,1,1,1,1,0,Suburban
5444,105,1,0,1,1,1,Rural
5445,94,1,1,1,0,1,Urban
5446,64,1,0,1,1,0,Suburban
5447,97,1,1,1,0,1,Suburban
5448,32,1,1,1,0,0,Suburban
5449,9,1,0,1,0,1,Suburban
5450,11,1,1,1,1,0,Urban
5451,101,0,0,1,0,0,Urban
5452,70,1,1,1,1,1,Rural
5453,30,1,1,0,0,0,Urban
5454,104,1,1,1,0,1,Urban
5455,15,1,0,1,1,0,Suburban
5456,59,1,1,1,0,0,Urban
5457,48,1,1,1,0,1,Suburban
5458,94,1,1,1,0,1,Urban
5459,82,1,1,1,1,1,Rural
5460,76,1,1,0,1,1,Rural
5461,119,1,0,1,0,1,Rural
5462,60,1,1,1,0,0,Urban
5463,68,0,0,1,0,1,Urban
5464,57,1,1,0,0,0,Rural
5465,64,1,0,0,1,0,Suburban
5466,54,0,0,0,1,1,Urban
5467,80,1,1,1,1,0,Urban
5468,87,0,0,0,0,1,Urban
5469,75,1,1,1,1,1,Suburban
5470,54,1,0,1,1,1,Urban
5471,59,0,0,0,1,0,Urban
5472,88,1,1,0,1,1,Urban
5473,86,1,1,1,1,0,Suburban
5474,39,1,1,1,1,1,Urban
5475,120,1,1,1,0,1,Rural
5476,15,1,1,1,1,0,Suburban
5477,113,0,1,1,0,1,Urban
5478,79,1,1,0,1,0,Suburban
5479,74,1,0,1,1,1,Urban
5480,28,1,1,0,1,1,Urban
5481,36,1,1,0,0,1,Suburban
5482,54,1,0,1,0,1,Urban
5483,17,0,1,0,0,0,Urban
5484,100,1,1,1,1,0,Suburban
5485,86,1,1,1,1,0,Suburban
5486,87,1,0,1,1,1,Urban
5487,93,1,0,1,0,1,Suburban
5488,22,1,1,0,1,0,Urban
5489,75,1,0,0,1,1,Suburban
5490,36,1,1,1,0,1,Suburban
5491,108,0,0,0,1,1,Suburban
5492,29,1,0,1,1,1,Rural
5493,55,1,0,0,1,1,Suburban
5494,42,1,1,1,1,0,Suburban
5495,32,0,1,1,0,0,Suburban
5496,14,1,1,1,1,0,Urban
5497,18,0,0,1,1,1,Rural
5498,38,1,1,1,1,0,Suburban
5499,101,1,0,0,1,0,Urban
5500,34,1,0,1,1,1,Urban
5501,121,1,1,0,1,1,Rural
5502,45,0,0,0,1,0,Urban
5503,87,0,0,1,0,1,Urban
5504,32,1,0,1,0,0,Suburban
5505,110,0,0,0,0,0,Suburban
5506,67,1,0,1,1,0,Suburban
5507,63,1,1,1,1,1,Urban
5508,55,0,0,1,0,1,Suburban
5509,43,1,1,1,0,0,Urban
5510,22,1,0,0,1,0,Urban
5511,87,1,0,1,1,1,Urban
5512,68,1,1,1,1,1,Urban
5513,77,1,0,1,0,1,Rural
5514,96,0,1,0,0,0,Suburban
5515,122,1,1,0,0,1,Urban
5516,29,1,1,1,0,1,Rural
5517,40,0,0,1,0,0,Suburban
5518,104,1,0,1,0,1,Urban
5519,119,1,0,1,0,1,Rural
5520,45,1,1,1,0,0,Urban
5521,119,1,0,0,1,1,Rural
5522,10,1,0,1,0,1,Urban
5523,77,1,1,1,0,1,Rural
5524,45,1,1,0,1,0,Urban
5525,120,1,1,1,1,1,Rural
5526,17,1,0,1,1,0,Urban
5527,102,1,0,1,1,1,Urban
5528,2,0,0,1,1,1,Urban
5529,17,1,1,0,1,0,Urban
5530,108,1,0,1,1,1,Suburban
5531,90,1,1,1,1,0,Suburban
5532,119,1,1,1,1,1,Rural
5533,38,0,0,0,0,0,Suburban
5534,37,1,1,1,1,0,Urban
5535,63,1,0,1,1,1,Urban
5536,5,1,1,0,1,0,Rural
5537,25,1,0,1,0,0,Suburban
5538,73,1,1,0,0,0,Urban
5539,92,1,1,1,1,1,Urban
5540,22,1,1,1,0,0,Urban
5541,93,0,1,1,1,1,Suburban
5542,63,1,0,1,1,1,Urban
5543,35,1,1,1,1,1,Suburban
5544,55,1,0,1,1,1,Suburban
5545,20,0,0,1,1,0,Urban
5546,5,1,1,1,1,0,Rural
5547,39,1,1,1,1,1,Urban
5548,63,1,0,0,1,1,Urban
5549,108,1,0,1,1,1,Suburban
5550,32,0,0,0,1,0,Suburban
5551,103,1,1,1,1,0,Urban
5552,63,1,0,1,0,1,Urban
5553,74,1,1,1,0,1,Urban
5554,40,0,0,0,0,0,Suburban
5555,17,1,0,0,0,0,Urban
5556,101,1,1,1,1,0,Urban
5557,79,0,1,0,0,0,Suburban
5558,73,1,1,1,1,0,Urban
5559,32,1,1,1,0,0,Suburban
5560,23,0,0,0,0,0,Urban
5561,75,1,1,0,0,1,Suburban
5562,60,1,1,0,1,0,Urban
5563,77,1,1,1,0,1,Rural
5564,82,0,0,1,0,1,Rural
5565,113,1,0,1,1,1,Urban
5566,56,1,1,1,0,1,Urban
5567,9,0,1,0,0,1,Suburban
5568,106,1,0,1,1,0,Urban
5569,69,1,0,1,0,0,Urban
5570,62,1,1,1,0,0,Rural
5571,64,1,1,1,0,0,Suburban
5572,107,0,1,1,0,0,Rural
5573,22,1,1,1,1,0,Urban
5574,32,0,1,0,0,0,Suburban
5575,47,1,0,1,1,0,Urban
5576,2,1,1,0,1,1,Urban
5577,85,1,0,1,0,0,Urban
5578,92,1,1,1,1,1,Urban
5579,52,1,0,1,0,1,Urban
5580,88,0,0,0,0,1,Urban
5581,88,1,1,1,0,1,Urban
5582,14,0,1,1,0,0,Urban
5583,37,1,0,1,1,0,Urban
5584,27,1,1,1,0,0,Urban
5585,24,1,1,0,1,0,Urban
5586,64,0,1,0,1,0,Suburban
5587,70,1,0,1,0,1,Rural
5588,26,1,1,1,1,1,Suburban
5589,54,1,0,0,1,1,Urban
5590,15,1,1,1,0,0,Suburban
5591,29,1,0,1,0,1,Rural
5592,100,0,1,1,0,0,Suburban
5593,74,1,0,1,0,1,Urban
5594,28,1,1,1,1,1,Urban
5595,59,0,0,0,0,0,Urban
5596,115,1,0,1,1,1,Urban
5597,73,0,1,1,1,0,Urban
5598,21,1,1,0,1,1,Suburban
5599,122,1,1,1,0,1,Urban
5600,10,1,1,1,0,1,Urban
5601,4,1,0,1,0,1,Suburban
5602,118,1,1,1,0,0,Urban
5603,62,1,1,0,1,0,Rural
5604,4,1,0,0,0,1,Suburban
5605,6,1,1,1,0,0,Rural
5606,90,1,1,0,0,0,Suburban
5607,104,1,1,1,1,1,Urban
5608,80,1,0,0,1,0,Urban
5609,72,1,0,1,1,0,Suburban
5610,92,0,0,1,0,1,Urban
5611,16,1,1,1,0,0,Suburban
5612,38,1,0,1,1,0,Suburban
5613,49,1,1,1,1,1,Suburban
5614,61,1,1,1,1,0,Rural
5615,65,0,1,0,1,0,Rural
5616,83,1,1,1,0,0,Suburban
5617,50,1,1,0,0,0,Urban
5618,17,1,1,1,1,0,Urban
5619,113,1,1,1,0,1,Urban
5620,28,1,1,0,1,1,Urban
5621,44,1,0,1,0,1,Rural
5622,12,1,1,0,0,1,Urban
5623,70,0,0,0,1,1,Rural
5624,71,1,1,1,0,1,Rural
5625,72,1,0,1,0,0,Suburban
5626,3,1,1,1,0,1,Urban
5627,49,1,1,1,1,1,Suburban
5628,21,1,1,1,0,1,Suburban
5629,8,0,0,0,0,1,Suburban
5630,64,1,0,1,1,0,Suburban
5631,92,1,1,1,0,1,Urban
5632,59,1,1,1,1,0,Urban
5633,30,1,0,0,0,0,Urban
5634,32,0,0,1,1,0,Suburban
5635,75,1,1,1,0,1,Suburban
5636,20,1,1,1,1,0,Urban
5637,114,1,1,0,1,1,Suburban
5638,16,0,0,0,1,0,Suburban
5639,25,1,1,1,0,0,Suburban
5640,60,0,0,0,0,0,Urban
5641,45,0,1,1,1,0,Urban
5642,9,0,1,0,0,1,Suburban
5643,51,1,1,1,0,1,Suburban
5644,103,1,0,1,1,0,Urban
5645,61,1,0,1,0,0,Rural
5646,113,1,1,1,1,1,Urban
5647,40,1,0,0,0,0,Suburban
5648,104,1,1,1,1,1,Urban
5649,61,0,1,0,1,0,Rural
5650,67,1,1,1,1,0,Suburban
5651,80,1,1,1,1,0,Urban
5652,76,1,1,1,0,1,Rural
5653,15,1,0,1,1,0,Suburban
5654,53,0,1,0,1,1,Suburban
5655,4,1,0,1,0,1,Suburban
5656,23,1,1,1,1,0,Urban
5657,27,1,0,1,0,0,Urban
5658,103,1,1,1,1,0,Urban
5659,107,1,1,0,0,0,Rural
5660,120,0,1,1,1,1,Rural
5661,37,1,1,0,1,0,Urban
5662,77,1,0,1,0,1,Rural
5663,43,1,1,1,1,0,Urban
5664,37,1,0,0,0,0,Urban
5665,104,1,1,1,0,1,Urban
5666,85,1,1,1,0,0,Urban
5667,29,1,1,1,0,1,Rural
5668,29,1,0,1,0,1,Rural
5669,49,1,0,0,1,1,Suburban
5670,75,0,1,1,0,1,Suburban
5671,51,1,1,0,1,1,Suburban
5672,50,1,1,1,0,0,Urban
5673,28,1,0,1,1,1,Urban
5674,74,1,0,1,1,1,Urban
5675,5,1,1,1,0,0,Rural
5676,56,1,1,0,1,1,Urban
5677,64,1,1,1,1,0,Suburban
5678,121,1,0,1,1,1,Rural
5679,89,0,1,0,0,1,Suburban
5680,97,1,0,0,0,1,Suburban
5681,17,1,1,1,1,0,Urban
5682,113,1,0,0,1,1,Urban
5683,97,1,0,1,0,1,Suburban
5684,89,1,0,1,0,1,Suburban
5685,97,1,0,1,1,1,Suburban
5686,55,1,0,1,1,1,Suburban
5687,118,1,1,1,1,0,Urban
5688,9,1,1,1,0,1,Suburban
5689,91,1,1,1,0,0,Suburban
5690,89,0,0,0,0,1,Suburban
5691,68,0,1,0,0,1,Urban
5692,73,0,0,0,0,0,Urban
5693,110,1,0,1,1,0,Suburban
5694,79,1,1,1,1,0,Suburban
5695,16,1,1,1,1,0,Suburban
5696,16,1,1,1,0,0,Suburban
5697,13,1,1,1,0,1,Rural
5698,78,0,1,1,0,0,Suburban
5699,86,0,1,0,0,0,Suburban
5700,85,1,0,1,1,0,Urban
5701,73,0,0,1,0,0,Urban
5702,63,1,1,1,0,1,Urban
5703,119,1,1,1,0,1,Rural
5704,41,1,1,1,0,0,Suburban
5705,53,1,0,1,1,1,Suburban
5706,68,1,0,1,0,1,Urban
5707,74,1,1,1,1,1,Urban
5708,99,1,1,1,1,0,Suburban
5709,117,0,0,0,0,1,Suburban
5710,9,1,0,0,0,1,Suburban
5711,51,1,1,1,1,1,Suburban
5712,48,1,0,1,1,1,Suburban
5713,80,1,1,0,0,0,Urban
5714,49,1,1,1,0,1,Suburban
5715,18,1,0,1,0,1,Rural
5716,10,1,0,1,0,1,Urban
5717,85,0,1,1,0,0,Urban
5718,115,0,0,0,0,1,Urban
5719,54,1,1,0,0,1,Urban
5720,79,1,0,1,0,0,Suburban
5721,15,1,1,1,0,0,Suburban
5722,11,1,0,1,1,0,Urban
5723,40,1,0,1,1,0,Suburban
5724,118,1,1,0,1,0,Urban
5725,112,0,0,1,0,0,Suburban
5726,106,1,0,1,1,0,Urban
5727,105,0,0,0,0,1,Rural
5728,47,1,1,0,1,0,Urban
5729,118,1,0,0,0,0,Urban
5730,101,1,0,1,0,0,Urban
5731,20,0,1,1,1,0,Urban
5732,98,1,0,1,1,0,Rural
5733,22,0,1,1,1,0,Urban
5734,48,1,1,0,0,1,Suburban
5735,82,1,1,1,0,1,Rural
5736,16,0,1,0,0,0,Suburban
5737,5,1,0,1,1,0,Rural
5738,65,1,1,0,1,0,Rural
5739,83,0,0,1,1,0,Suburban
5740,74,1,1,0,0,1,Urban
5741,21,1,1,1,1,1,Suburban
5742,61,1,1,1,0,0,Rural
5743,77,0,1,0,0,1,Rural
5744,55,0,0,1,1,1,Suburban
5745,24,1,0,1,1,0,Urban
5746,23,0,0,0,0,0,Urban
5747,87,1,1,1,0,1,Urban
5748,11,0,1,1,0,0,Urban
5749,47,1,1,1,0,0,Urban
5750,2,1,1,0,0,1,Urban
5751,70,1,1,1,0,1,Rural
5752,53,0,0,1,0,1,Suburban
5753,11,1,1,1,1,0,Urban
5754,15,0,0,1,1,0,Suburban
5755,73,0,1,1,0,0,Urban
5756,12,1,1,1,1,1,Urban
5757,122,1,0,1,1,1,Urban
5758,36,1,1,1,0,1,Suburban
5759,92,1,0,1,0,1,Urban
5760,23,1,0,1,1,0,Urban
5761,27,1,1,1,1,0,Urban
5762,88,1,0,1,1,1,Urban
5763,14,0,1,1,1,0,Urban
5764,54,1,1,1,0,1,Urban
5765,99,1,0,1,0,0,Suburban
5766,27,0,1,0,0,0,Urban
5767,21,1,0,1,0,1,Suburban
5768,49,1,0,1,0,1,Suburban
5769,62,0,0,1,0,0,Rural
5770,77,1,1,1,0,1,Rural
5771,72,1,1,0,0,0,Suburban
5772,44,1,0,1,0,1,Rural
5773,108,0,1,1,0,1,Suburban
5774,44,1,1,1,0,1,Rural
5775,98,1,1,1,0,0,Rural
5776,61,1,1,1,1,0,Rural
5777,42,1,1,1,1,0,Suburban
5778,23,0,0,0,0,0,Urban
5779,73,1,0,1,0,0,Urban
5780,1,1,1,1,1,0,Urban
5781,36,1,1,1,1,1,Suburban
5782,55,1,1,1,1,1,Suburban
5783,110,1,0,1,0,0,Suburban
5784,16,1,1,1,1,0,Suburban
5785,89,1,0,1,1,1,Suburban
5786,18,1,1,1,1,1,Rural
5787,98,0,0,0,0,0,Rural
5788,38,1,1,1,1,0,Suburban
5789,67,0,0,0,1,0,Suburban
5790,20,1,1,1,1,0,Urban
5791,19,1,0,1,0,0,Rural
5792,13,1,1,0,1,1,Rural
5793,17,1,0,1,0,0,Urban
5794,78,0,0,0,0,0,Suburban
5795,30,1,1,0,1,0,Urban
5796,86,1,0,1,0,0,Suburban
5797,43,1,1,1,1,0,Urban
5798,48,1,1,1,1,1,Suburban
5799,43,0,1,0,0,0,Urban
5800,93,1,1,0,1,1,Suburban
5801,114,1,0,1,1,1,Suburban
5802,66,1,0,1,0,1,Suburban
5803,119,1,1,1,1,1,Rural
5804,53,1,1,1,0,1,Suburban
5805,72,0,0,1,0,0,Suburban
5806,78,1,0,1,0,0,Suburban
5807,34,1,1,1,0,1,Urban
5808,77,1,0,1,0,1,Rural
5809,74,1,1,0,1,1,Urban
5810,72,0,1,0,1,0,Suburban
5811,71,0,0,0,1,1,Rural
5812,13,0,1,0,0,1,Rural
5813,90,1,1,1,1,0,Suburban
5814,56,1,1,1,0,1,Urban
5815,59,1,0,1,0,0,Urban
5816,32,0,0,0,0,0,Suburban
5817,83,1,1,0,0,0,Suburban
5818,120,0,1,0,0,1,Rural
5819,79,1,1,0,1,0,Suburban
5820,54,1,1,1,1,1,Urban
5821,2,1,1,1,0,1,Urban
5822,118,0,0,1,0,0,Urban
5823,37,1,1,1,0,0,Urban
5824,83,1,1,1,1,0,Suburban
5825,97,1,1,1,1,1,Suburban
5826,103,0,1,1,1,0,Urban
5827,114,0,0,1,1,1,Suburban
5828,33,1,1,1,0,0,Rural
5829,1,1,1,1,1,0,Urban
5830,103,1,1,1,0,0,Urban
5831,28,1,1,1,0,1,Urban
5832,17,1,1,1,1,0,Urban
5833,57,0,1,0,0,0,Rural
5834,70,1,1,1,1,1,Rural
5835,52,1,1,1,0,1,Urban
5836,44,1,1,0,1,1,Rural
5837,84,1,1,0,0,0,Urban
5838,47,1,0,0,0,0,Urban
5839,13,1,1,1,1,1,Rural
5840,76,1,1,1,1,1,Rural
5841,30,1,1,1,1,0,Urban
5842,85,1,1,1,1,0,Urban
5843,66,0,0,0,1,1,Suburban
5844,53,1,1,1,1,1,Suburban
5845,18,1,0,1,0,1,Rural
5846,28,1,1,1,0,1,Urban
5847,4,1,1,1,0,1,Suburban
5848,42,1,0,1,1,0,Suburban
5849,107,1,1,0,0,0,Rural
5850,117,1,1,0,1,1,Suburban
5851,6,1,1,0,1,0,Rural
5852,102,1,0,1,1,1,Urban
5853,9,1,1,1,0,1,Suburban
5854,20,1,0,1,0,0,Urban
5855,109,1,1,1,1,0,Suburban
5856,94,0,0,0,0,1,Urban
5857,101,1,1,1,0,0,Urban
5858,38,0,0,0,0,0,Suburban
5859,68,1,1,1,0,1,Urban
5860,102,1,0,1,0,1,Urban
5861,50,1,1,1,1,0,Urban
5862,60,1,1,1,0,0,Urban
5863,13,1,1,0,1,1,Rural
5864,119,1,1,1,0,1,Rural
5865,99,1,1,0,1,0,Suburban
5866,94,1,0,0,1,1,Urban
5867,42,0,0,1,0,0,Suburban
5868,68,1,1,0,0,1,Urban
5869,25,1,0,1,0,0,Suburban
5870,31,1,1,1,1,1,Urban
5871,111,0,1,0,1,0,Suburban
5872,12,1,0,0,1,1,Urban
5873,64,0,0,1,0,0,Suburban
5874,79,0,0,1,0,0,Suburban
5875,61,0,1,1,0,0,Rural
5876,53,1,0,1,0,1,Suburban
5877,121,0,1,1,1,1,Rural
5878,26,1,1,0,0,1,Suburban
5879,61,1,1,1,1,0,Rural
5880,122,1,0,1,1,1,Urban
5881,10,1,0,1,1,1,Urban
5882,12,1,0,1,0,1,Urban
5883,122,1,1,1,1,1,Urban
5884,22,1,1,1,1,0,Urban
5885,104,1,1,0,1,1,Urban
5886,53,1,1,1,1,1,Suburban
5887,21,1,1,1,1,1,Suburban
5888,35,1,0,0,1,1,Suburban
5889,71,1,1,1,0,1,Rural
5890,82,1,1,1,1,1,Rural
5891,27,1,1,1,1,0,Urban
5892,60,1,1,1,1,0,Urban
5893,99,1,1,1,1,0,Suburban
5894,47,1,0,1,0,0,Urban
5895,66,1,0,0,1,1,Suburban
5896,96,0,0,0,1,0,Suburban
5897,15,1,1,1,0,0,Suburban
5898,109,0,1,1,0,0,Suburban
5899,24,1,1,1,1,0,Urban
5900,84,0,0,1,0,0,Urban
5901,10,1,0,1,0,1,Urban
5902,120,1,1,1,0,1,Rural
5903,88,1,1,1,1,1,Urban
5904,24,0,1,0,0,0,Urban
5905,88,0,0,1,0,1,Urban
5906,104,1,0,0,1,1,Urban
5907,112,1,1,0,1,0,Suburban
5908,57,1,1,1,1,0,Rural
5909,112,1,1,0,0,0,Suburban
5910,34,0,1,0,1,1,Urban
5911,41,1,1,1,0,0,Suburban
5912,40,1,1,1,1,0,Suburban
5913,11,0,0,1,1,0,Urban
5914,90,0,0,0,0,0,Suburban
5915,1,1,1,1,1,0,Urban
5916,30,1,0,1,0,0,Urban
5917,117,1,1,1,1,1,Suburban
5918,43,1,1,1,0,0,Urban
5919,82,1,1,1,1,1,Rural
5920,26,0,1,0,0,1,Suburban
5921,53,1,1,1,0,1,Suburban
5922,47,1,1,0,1,0,Urban
5923,120,0,1,0,1,1,Rural
5924,9,1,0,1,1,1,Suburban
5925,9,1,1,1,0,1,Suburban
5926,1,1,1,0,0,0,Urban
5927,71,1,1,0,1,1,Rural
5928,44,1,0,1,0,1,Rural
5929,59,1,1,1,0,0,Urban
5930,56,0,0,1,1,1,Urban
5931,106,1,1,0,0,0,Urban
5932,51,1,1,0,0,1,Suburban
5933,16,1,1,1,0,0,Suburban
5934,38,1,1,0,1,0,Suburban
5935,11,1,1,1,1,0,Urban
5936,115,0,1,0,0,1,Urban
5937,25,1,1,1,1,0,Suburban
5938,93,1,1,1,0,1,Suburban
5939,83,1,1,1,1,0,Suburban
5940,82,1,0,1,1,1,Rural
5941,121,1,1,1,1,1,Rural
5942,111,1,0,1,0,0,Suburban
5943,59,1,0,1,1,0,Urban
5944,29,1,1,1,1,1,Rural
5945,80,1,1,1,1,0,Urban
5946,110,1,1,0,1,0,Suburban
5947,40,1,0,0,1,0,Suburban
5948,8,1,0,1,0,1,Suburban
5949,98,1,0,1,1,0,Rural
5950,6,1,0,1,1,0,Rural
5951,45,0,0,0,1,0,Urban
5952,109,1,1,0,0,0,Suburban
5953,53,0,1,1,0,1,Suburban
5954,94,1,0,0,0,1,Urban
5955,108,0,1,0,0,1,Suburban
5956,98,0,1,0,0,0,Rural
5957,21,1,0,1,1,1,Suburban
5958,116,1,1,1,0,1,Urban
5959,57,1,0,1,0,0,Rural
5960,76,1,0,1,0,1,Rural
5961,113,1,1,1,0,1,Urban
5962,6,1,0,1,1,0,Rural
5963,103,1,1,1,0,0,Urban
5964,63,1,1,1,0,1,Urban
5965,6,1,1,1,1,0,Rural
5966,53,1,1,1,1,1,Suburban
5967,4,0,1,0,0,1,Suburban
5968,117,1,1,0,1,1,Suburban
5969,9,1,1,1,1,1,Suburban
5970,69,1,1,1,1,0,Urban
5971,74,1,0,1,0,1,Urban
5972,111,1,0,1,1,0,Suburban
5973,72,0,1,0,0,0,Suburban
5974,87,1,1,1,0,1,Urban
5975,4,1,1,1,0,1,Suburban
5976,58,0,1,0,0,0,Urban
5977,37,1,0,1,1,0,Urban
5978,71,1,0,1,1,1,Rural
5979,6,1,1,1,0,0,Rural
5980,109,1,1,1,0,0,Suburban
5981,51,1,1,1,0,1,Suburban
5982,106,1,0,1,1,0,Urban
5983,79,1,1,1,1,0,Suburban
5984,99,1,0,0,1,0,Suburban
5985,50,1,0,1,1,0,Urban
5986,96,1,1,0,1,0,Suburban
5987,14,1,1,1,1,0,Urban
5988,99,0,0,1,0,0,Suburban
5989,11,1,1,1,1,0,Urban
5990,10,0,1,1,1,1,Urban
5991,61,1,1,1,1,0,Rural
5992,81,1,0,1,1,1,Urban
5993,13,1,0,0,1,1,Rural
5994,121,1,0,1,1,1,Rural
5995,34,0,0,1,1,1,Urban
5996,60,1,0,0,0,0,Urban
5997,109,1,0,1,0,0,Suburban
5998,51,1,1,1,1,1,Suburban
5999,5,0,1,0,0,0,Rural
6000,112,1,0,1,1,0,Suburban
6001,74,1,0,1,1,1,Urban
6002,32,1,0,1,1,0,Suburban
6003,12,1,1,1,1,1,Urban
6004,52,1,0,1,0,1,Urban
6005,13,1,0,1,1,1,Rural
6006,85,1,1,0,1,0,Urban
6007,112,1,1,0,0,0,Suburban
6008,54,1,1,1,0,1,Urban
6009,117,1,1,1,1,1,Suburban
6010,122,1,1,0,1,1,Urban
6011,97,1,1,1,1,1,Suburban
6012,54,1,1,1,1,1,Urban
6013,41,0,0,1,0,0,Suburban
6014,48,0,0,0,0,1,Suburban
6015,51,1,0,1,0,1,Suburban
6016,47,1,1,0,1,0,Urban
6017,50,1,1,1,0,0,Urban
6018,118,1,0,1,1,0,Urban
6019,96,0,1,1,1,0,Suburban
6020,76,1,0,1,1,1,Rural
6021,46,0,0,0,0,1,Urban
6022,99,0,1,0,1,0,Suburban
6023,100,1,0,1,0,0,Suburban
6024,38,0,1,0,0,0,Suburban
6025,112,0,1,0,0,0,Suburban
6026,92,1,0,1,1,1,Urban
6027,13,1,1,1,0,1,Rural
6028,76,1,0,1,1,1,Rural
6029,22,1,1,1,0,0,Urban
6030,108,1,1,1,0,1,Suburban
6031,2,1,1,1,0,1,Urban
6032,93,1,0,1,1,1,Suburban
6033,77,1,1,0,1,1,Rural
6034,99,1,1,0,1,0,Suburban
6035,13,1,0,1,1,1,Rural
6036,57,1,1,1,1,0,Rural
6037,34,1,0,1,1,1,Urban
6038,19,1,1,1,1,0,Rural
6039,9,1,0,1,1,1,Suburban
6040,116,0,0,1,0,1,Urban
6041,95,1,1,1,1,1,Urban
6042,33,0,1,1,1,0,Rural
6043,27,1,0,1,1,0,Urban
6044,45,1,1,1,1,0,Urban
6045,2,0,0,0,0,1,Urban
6046,79,0,1,0,1,0,Suburban
6047,83,1,1,1,0,0,Suburban
6048,57,1,1,1,1,0,Rural
6049,95,1,0,1,1,1,Urban
6050,57,1,1,1,1,0,Rural
6051,16,1,0,1,0,0,Suburban
6052,107,1,0,1,0,0,Rural
6053,79,1,1,0,0,0,Suburban
6054,6,1,1,1,0,0,Rural
6055,14,1,0,0,1,0,Urban
6056,27,0,1,1,1,0,Urban
6057,38,1,0,1,1,0,Suburban
6058,19,1,1,1,1,0,Rural
6059,37,0,1,1,0,0,Urban
6060,107,1,0,1,0,0,Rural
6061,4,1,1,1,0,1,Suburban
6062,58,1,1,1,1,0,Urban
6063,90,1,1,1,1,0,Suburban
6064,9,1,1,1,1,1,Suburban
6065,105,1,1,0,0,1,Rural
6066,113,1,0,1,0,1,Urban
6067,40,1,1,1,1,0,Suburban
6068,15,1,1,1,0,0,Suburban
6069,105,1,0,0,1,1,Rural
6070,101,1,1,1,0,0,Urban
6071,4,0,1,1,0,1,Suburban
6072,90,0,0,1,1,0,Suburban
6073,52,0,0,1,0,1,Urban
6074,18,0,1,1,1,1,Rural
6075,105,1,0,0,1,1,Rural
6076,53,0,1,0,1,1,Suburban
6077,59,1,0,1,1,0,Urban
6078,99,1,1,1,1,0,Suburban
6079,54,1,1,1,0,1,Urban
6080,41,1,1,1,1,0,Suburban
6081,105,1,1,0,1,1,Rural
6082,60,1,1,1,0,0,Urban
6083,93,1,0,1,1,1,Suburban
6084,117,1,1,1,1,1,Suburban
6085,88,1,1,0,1,1,Urban
6086,4,1,1,1,1,1,Suburban
6087,85,1,1,1,0,0,Urban
6088,39,1,0,1,1,1,Urban
6089,7,1,1,1,0,0,Urban
6090,23,0,1,0,0,0,Urban
6091,104,1,1,1,1,1,Urban
6092,85,0,0,1,1,0,Urban
6093,63,1,1,1,0,1,Urban
6094,65,1,1,0,1,0,Rural
6095,41,1,1,1,1,0,Suburban
6096,89,1,1,1,1,1,Suburban
6097,95,1,1,1,1,1,Urban
6098,119,1,0,1,1,1,Rural
6099,44,0,0,0,0,1,Rural
6100,102,0,0,0,0,1,Urban
6101,45,1,1,1,1,0,Urban
6102,69,1,1,1,0,0,Urban
6103,117,1,1,0,1,1,Suburban
6104,95,0,0,1,1,1,Urban
6105,51,1,1,1,1,1,Suburban
6106,122,1,0,1,0,1,Urban
6107,65,1,1,1,0,0,Rural
6108,54,1,1,1,0,1,Urban
6109,56,1,1,0,1,1,Urban
6110,94,0,1,0,0,1,Urban
6111,82,1,0,1,1,1,Rural
6112,72,0,0,1,0,0,Suburban
6113,120,1,1,1,1,1,Rural
6114,90,0,1,1,0,0,Suburban
6115,40,1,0,1,1,0,Suburban
6116,58,0,0,1,0,0,Urban
6117,15,1,1,0,0,0,Suburban
6118,19,1,1,0,1,0,Rural
6119,10,1,1,1,0,1,Urban
6120,88,1,1,1,1,1,Urban
6121,16,0,1,1,1,0,Suburban
6122,43,1,1,0,1,0,Urban
6123,31,1,1,1,1,1,Urban
6124,108,1,1,1,0,1,Suburban
6125,16,1,1,1,0,0,Suburban
6126,80,0,0,0,0,0,Urban
6127,28,0,0,0,0,1,Urban
6128,62,1,1,1,0,0,Rural
6129,20,0,0,0,0,0,Urban
6130,35,1,0,1,1,1,Suburban
6131,59,1,1,1,1,0,Urban
6132,9,1,1,0,0,1,Suburban
6133,104,1,0,0,0,1,Urban
6134,10,1,0,1,0,1,Urban
6135,45,1,0,1,0,0,Urban
6136,82,1,0,0,1,1,Rural
6137,109,1,0,0,0,0,Suburban
6138,109,0,1,0,0,0,Suburban
6139,15,1,1,1,1,0,Suburban
6140,109,1,1,0,1,0,Suburban
6141,30,1,1,0,1,0,Urban
6142,48,1,0,1,1,1,Suburban
6143,96,0,1,0,0,0,Suburban
6144,40,0,0,1,0,0,Suburban
6145,91,1,1,1,0,0,Suburban
6146,91,1,1,1,0,0,Suburban
6147,83,1,1,1,1,0,Suburban
6148,74,1,1,1,1,1,Urban
6149,44,1,0,0,0,1,Rural
6150,46,1,0,1,0,1,Urban
6151,6,1,0,1,0,0,Rural
6152,117,1,1,0,1,1,Suburban
6153,24,1,1,1,0,0,Urban
6154,73,1,1,1,0,0,Urban
6155,91,1,1,1,1,0,Suburban
6156,7,1,0,1,0,0,Urban
6157,6,1,0,1,0,0,Rural
6158,118,0,0,0,0,0,Urban
6159,33,1,1,1,0,0,Rural
6160,85,0,0,0,0,0,Urban
6161,110,1,1,1,0,0,Suburban
6162,120,1,0,1,1,1,Rural
6163,38,1,1,1,1,0,Suburban
6164,44,1,1,0,1,1,Rural
6165,17,1,1,1,1,0,Urban
6166,31,1,0,1,0,1,Urban
6167,37,1,1,1,1,0,Urban
6168,11,1,1,1,0,0,Urban
6169,92,1,0,1,0,1,Urban
6170,5,1,1,1,0,0,Rural
6171,64,1,1,1,0,0,Suburban
6172,76,1,1,0,1,1,Rural
6173,3,1,1,1,0,1,Urban
6174,56,0,0,1,0,1,Urban
6175,63,1,0,1,0,1,Urban
6176,105,1,1,1,0,1,Rural
6177,38,0,0,0,0,0,Suburban
6178,54,1,1,1,0,1,Urban
6179,2,1,1,1,0,1,Urban
6180,90,1,1,0,1,0,Suburban
6181,2,1,1,1,0,1,Urban
6182,118,1,1,1,0,0,Urban
6183,12,1,0,1,1,1,Urban
6184,40,1,0,0,1,0,Suburban
6185,2,0,1,0,0,1,Urban
6186,105,1,1,0,0,1,Rural
6187,80,1,0,1,1,0,Urban
6188,94,0,0,0,0,1,Urban
6189,57,0,0,1,1,0,Rural
6190,47,1,1,1,0,0,Urban
6191,110,0,0,0,1,0,Suburban
6192,116,1,1,1,1,1,Urban
6193,36,1,1,1,1,1,Suburban
6194,4,1,1,1,0,1,Suburban
6195,75,1,1,1,0,1,Suburban
6196,117,1,1,0,0,1,Suburban
6197,24,1,1,1,1,0,Urban
6198,82,1,1,1,1,1,Rural
6199,91,1,0,1,0,0,Suburban
6200,101,0,1,0,1,0,Urban
6201,62,1,1,0,0,0,Rural
6202,2,1,1,1,0,1,Urban
6203,15,1,0,0,1,0,Suburban
6204,75,1,1,0,0,1,Suburban
6205,91,1,1,1,0,0,Suburban
6206,120,1,1,1,0,1,Rural
6207,49,1,0,1,1,1,Suburban
6208,112,1,0,0,1,0,Suburban
6209,111,1,1,1,1,0,Suburban
6210,87,1,1,1,1,1,Urban
6211,35,1,0,1,1,1,Suburban
6212,116,1,1,0,0,1,Urban
6213,94,1,0,1,1,1,Urban
6214,47,0,1,0,1,0,Urban
6215,24,0,1,0,1,0,Urban
6216,83,1,1,1,1,0,Suburban
6217,60,1,1,1,1,0,Urban
6218,93,1,0,1,0,1,Suburban
6219,77,1,0,0,0,1,Rural
6220,48,1,1,1,1,1,Suburban
6221,23,1,0,1,1,0,Urban
6222,12,1,1,1,1,1,Urban
6223,113,1,1,1,0,1,Urban
6224,112,1,1,0,0,0,Suburban
6225,41,1,0,1,1,0,Suburban
6226,29,1,0,0,1,1,Rural
6227,70,1,0,1,1,1,Rural
6228,51,1,0,1,0,1,Suburban
6229,23,0,0,0,1,0,Urban
6230,31,1,0,1,1,1,Urban
6231,109,1,0,0,1,0,Suburban
6232,21,1,0,1,0,1,Suburban
6233,24,1,1,1,0,0,Urban
6234,72,1,1,1,1,0,Suburban
6235,108,1,1,0,0,1,Suburban
6236,9,1,1,0,1,1,Suburban
6237,22,1,1,1,0,0,Urban
6238,4,1,1,1,1,1,Suburban
6239,77,1,0,1,0,1,Rural
6240,98,1,1,1,0,0,Rural
6241,3,1,1,0,1,1,Urban
6242,101,1,1,1,1,0,Urban
6243,120,1,0,0,0,1,Rural
6244,28,1,1,1,0,1,Urban
6245,90,0,1,0,1,0,Suburban
6246,114,1,0,1,0,1,Suburban
6247,117,1,0,1,1,1,Suburban
6248,110,0,1,0,0,0,Suburban
6249,121,1,1,1,1,1,Rural
6250,98,0,1,0,1,0,Rural
6251,15,0,0,0,1,0,Suburban
6252,8,1,1,1,0,1,Suburban
6253,48,1,1,1,1,1,Suburban
6254,99,0,1,1,0,0,Suburban
6255,88,1,1,1,1,1,Urban
6256,116,1,0,1,0,1,Urban
6257,52,1,1,1,1,1,Urban
6258,55,1,1,1,0,1,Suburban
6259,37,1,1,1,1,0,Urban
6260,4,1,1,1,0,1,Suburban
6261,55,1,1,1,0,1,Suburban
6262,12,1,0,1,0,1,Urban
6263,19,1,0,1,0,0,Rural
6264,79,0,0,1,0,0,Suburban
6265,57,1,0,1,0,0,Rural
6266,94,1,0,1,1,1,Urban
6267,109,0,1,1,0,0,Suburban
6268,37,0,0,0,1,0,Urban
6269,76,0,0,1,0,1,Rural
6270,83,1,0,1,1,0,Suburban
6271,98,0,1,0,0,0,Rural
6272,7,0,1,0,1,0,Urban
6273,92,1,0,1,1,1,Urban
6274,55,0,0,1,0,1,Suburban
6275,28,1,0,1,1,1,Urban
6276,93,1,1,1,0,1,Suburban
6277,37,1,1,0,1,0,Urban
6278,84,0,1,1,0,0,Urban
6279,61,1,0,0,0,0,Rural
6280,75,1,1,1,0,1,Suburban
6281,114,1,1,0,1,1,Suburban
6282,114,0,0,1,0,1,Suburban
6283,39,1,1,1,1,1,Urban
6284,106,1,0,1,1,0,Urban
6285,23,1,1,1,0,0,Urban
6286,52,1,0,1,1,1,Urban
6287,110,1,1,0,1,0,Suburban
6288,84,1,0,1,1,0,Urban
6289,84,0,0,0,1,0,Urban
6290,11,1,1,1,1,0,Urban
6291,66,1,1,1,1,1,Suburban
6292,13,1,1,0,0,1,Rural
6293,77,1,0,1,0,1,Rural
6294,41,1,0,1,0,0,Suburban
6295,49,1,1,1,0,1,Suburban
6296,15,0,0,1,0,0,Suburban
6297,56,1,1,0,1,1,Urban
6298,54,1,0,1,0,1,Urban
6299,31,1,0,1,1,1,Urban
6300,61,1,1,0,1,0,Rural
6301,58,1,1,1,0,0,Urban
6302,87,0,1,1,0,1,Urban
6303,60,1,1,0,1,0,Urban
6304,53,1,1,1,1,1,Suburban
6305,86,0,1,0,1,0,Suburban
6306,118,1,1,1,0,0,Urban
6307,61,0,1,0,1,0,Rural
6308,80,0,1,0,0,0,Urban
6309,121,1,1,1,1,1,Rural
6310,42,1,1,1,1,0,Suburban
6311,29,1,0,1,0,1,Rural
6312,84,0,0,0,0,0,Urban
6313,92,1,1,1,0,1,Urban
6314,27,0,1,1,0,0,Urban
6315,44,1,0,1,1,1,Rural
6316,93,0,0,0,0,1,Suburban
6317,5,1,1,1,1,0,Rural
6318,52,1,1,1,0,1,Urban
6319,113,1,1,1,1,1,Urban
6320,106,0,1,1,1,0,Urban
6321,102,1,1,1,1,1,Urban
6322,53,1,1,1,1,1,Suburban
6323,52,1,0,0,0,1,Urban
6324,38,1,1,0,1,0,Suburban
6325,44,1,1,1,0,1,Rural
6326,53,1,1,1,0,1,Suburban
6327,115,1,1,1,0,1,Urban
6328,2,1,1,1,1,1,Urban
6329,109,1,1,1,1,0,Suburban
6330,54,1,0,1,1,1,Urban
6331,84,1,1,1,0,0,Urban
6332,107,0,0,0,0,0,Rural
6333,111,0,0,0,1,0,Suburban
6334,77,1,1,1,1,1,Rural
6335,90,1,1,1,0,0,Suburban
6336,35,1,1,0,1,1,Suburban
6337,46,0,0,0,0,1,Urban
6338,72,0,0,1,0,0,Suburban
6339,92,1,0,1,0,1,Urban
6340,105,1,1,1,0,1,Rural
6341,79,1,0,1,0,0,Suburban
6342,55,1,1,1,1,1,Suburban
6343,114,1,1,1,1,1,Suburban
6344,72,1,1,1,0,0,Suburban
6345,11,1,1,1,1,0,Urban
6346,29,1,0,1,1,1,Rural
6347,69,0,1,0,0,0,Urban
6348,63,1,1,1,1,1,Urban
6349,47,1,1,1,1,0,Urban
6350,111,0,0,1,0,0,Suburban
6351,122,1,0,1,0,1,Urban
6352,7,1,1,1,0,0,Urban
6353,117,1,1,1,1,1,Suburban
6354,64,0,1,1,0,0,Suburban
6355,82,1,0,1,1,1,Rural
6356,64,1,1,1,1,0,Suburban
6357,92,0,1,0,0,1,Urban
6358,12,1,1,1,1,1,Urban
6359,12,1,1,1,1,1,Urban
6360,36,1,0,1,0,1,Suburban
6361,29,1,1,1,1,1,Rural
6362,11,1,1,1,0,0,Urban
6363,53,1,1,1,0,1,Suburban
6364,70,0,1,0,0,1,Rural
6365,85,0,0,0,1,0,Urban
6366,74,1,1,1,1,1,Urban
6367,96,1,0,0,0,0,Suburban
6368,47,0,0,1,0,0,Urban
6369,33,1,1,0,0,0,Rural
6370,81,1,1,1,1,1,Urban
6371,67,1,1,1,1,0,Suburban
6372,121,1,0,1,1,1,Rural
6373,43,1,1,1,1,0,Urban
6374,18,1,1,0,1,1,Rural
6375,74,1,1,0,0,1,Urban
6376,53,1,0,1,0,1,Suburban
6377,105,1,1,0,1,1,Rural
6378,39,1,1,0,1,1,Urban
6379,107,1,1,1,0,0,Rural
6380,72,0,1,1,1,0,Suburban
6381,34,1,0,1,1,1,Urban
6382,37,1,1,1,0,0,Urban
6383,41,1,0,1,1,0,Suburban
6384,97,1,0,1,1,1,Suburban
6385,49,1,1,1,0,1,Suburban
6386,10,0,0,1,1,1,Urban
6387,40,1,1,0,0,0,Suburban
6388,18,0,1,1,0,1,Rural
6389,25,1,0,1,1,0,Suburban
6390,106,1,1,1,0,0,Urban
6391,41,1,0,1,0,0,Suburban
6392,36,1,1,1,0,1,Suburban
6393,2,1,0,1,0,1,Urban
6394,83,1,1,1,0,0,Suburban
6395,74,1,1,1,1,1,Urban
6396,49,0,1,1,0,1,Suburban
6397,67,1,0,1,1,0,Suburban
6398,53,1,0,1,1,1,Suburban
6399,19,1,1,1,0,0,Rural
6400,115,1,0,1,1,1,Urban
6401,26,1,1,1,1,1,Suburban
6402,54,0,1,0,0,1,Urban
6403,115,1,0,1,0,1,Urban
6404,51,1,0,0,1,1,Suburban
6405,111,0,0,0,1,0,Suburban
6406,25,0,0,1,0,0,Suburban
6407,114,1,1,1,0,1,Suburban
6408,17,0,0,1,0,0,Urban
6409,74,1,1,1,0,1,Urban
6410,120,1,1,1,1,1,Rural
6411,61,1,1,1,0,0,Rural
6412,46,1,1,1,0,1,Urban
6413,115,1,1,1,0,1,Urban
6414,55,1,1,0,0,1,Suburban
6415,50,1,1,1,0,0,Urban
6416,75,1,1,0,0,1,Suburban
6417,11,0,1,0,0,0,Urban
6418,12,1,1,0,1,1,Urban
6419,40,1,1,0,1,0,Suburban
6420,48,1,0,1,0,1,Suburban
6421,121,1,0,1,1,1,Rural
6422,56,1,0,1,0,1,Urban
6423,8,1,1,1,0,1,Suburban
6424,88,0,0,0,0,1,Urban
6425,14,0,1,0,0,0,Urban
6426,87,1,1,1,1,1,Urban
6427,114,1,1,1,0,1,Suburban
6428,56,1,0,1,0,1,Urban
6429,117,1,1,1,1,1,Suburban
6430,54,1,1,1,1,1,Urban
6431,100,1,1,1,0,0,Suburban
6432,17,1,0,0,0,0,Urban
6433,45,1,0,1,0,0,Urban
6434,5,1,1,0,0,0,Rural
6435,3,1,1,1,0,1,Urban
6436,9,1,1,0,0,1,Suburban
6437,84,0,0,1,1,0,Urban
6438,122,1,1,0,1,1,Urban
6439,114,1,0,1,1,1,Suburban
6440,20,0,1,1,0,0,Urban
6441,115,1,0,1,0,1,Urban
6442,83,1,1,0,0,0,Suburban
6443,21,1,1,1,1,1,Suburban
6444,80,0,1,1,0,0,Urban
6445,33,1,1,1,1,0,Rural
6446,5,1,1,1,1,0,Rural
6447,24,1,0,0,1,0,Urban
6448,63,1,1,1,1,1,Urban
6449,79,1,0,1,1,0,Suburban
6450,26,1,0,0,1,1,Suburban
6451,108,1,1,0,1,1,Suburban
6452,89,0,0,0,0,1,Suburban
6453,92,0,0,1,0,1,Urban
6454,33,1,1,1,1,0,Rural
6455,110,1,0,1,1,0,Suburban
6456,18,1,1,0,0,1,Rural
6457,18,1,1,1,0,1,Rural
6458,38,0,0,1,1,0,Suburban
6459,33,1,1,1,1,0,Rural
6460,27,1,1,1,0,0,Urban
6461,49,1,1,0,1,1,Suburban
6462,50,1,0,1,1,0,Urban
6463,15,1,0,1,1,0,Suburban
6464,108,0,1,0,0,1,Suburban
6465,77,1,0,1,0,1,Rural
6466,52,1,0,1,0,1,Urban
6467,98,1,1,0,0,0,Rural
6468,68,0,1,0,0,1,Urban
6469,99,1,0,1,1,0,Suburban
6470,19,1,0,1,0,0,Rural
6471,95,1,0,1,1,1,Urban
6472,25,1,1,0,1,0,Suburban
6473,104,0,1,0,0,1,Urban
6474,76,1,1,1,1,1,Rural
6475,76,1,1,1,1,1,Rural
6476,106,1,1,1,1,0,Urban
6477,25,0,0,1,0,0,Suburban
6478,33,1,1,1,1,0,Rural
6479,60,0,0,0,0,0,Urban
6480,37,1,1,1,1,0,Urban
6481,92,1,1,1,0,1,Urban
6482,116,1,1,1,1,1,Urban
6483,43,1,1,1,0,0,Urban
6484,9,1,1,1,0,1,Suburban
6485,14,1,0,1,1,0,Urban
6486,3,1,0,1,1,1,Urban
6487,69,1,1,1,0,0,Urban
6488,56,1,1,1,0,1,Urban
6489,26,1,0,0,1,1,Suburban
6490,53,1,1,1,1,1,Suburban
6491,41,1,1,1,0,0,Suburban
6492,82,1,1,0,1,1,Rural
6493,102,1,0,1,0,1,Urban
6494,21,1,1,0,0,1,Suburban
6495,121,1,1,1,1,1,Rural
6496,39,0,0,0,1,1,Urban
6497,80,0,1,0,1,0,Urban
6498,104,1,1,0,0,1,Urban
6499,23,1,1,1,1,0,Urban
6500,93,1,0,1,0,1,Suburban
6501,74,1,1,1,1,1,Urban
6502,58,1,0,1,0,0,Urban
6503,69,1,0,0,0,0,Urban
6504,75,1,1,1,1,1,Suburban
6505,29,1,0,1,0,1,Rural
6506,62,1,1,1,1,0,Rural
6507,53,1,1,1,1,1,Suburban
6508,45,0,1,0,0,0,Urban
6509,27,1,1,0,1,0,Urban
6510,116,1,1,1,0,1,Urban
6511,34,1,1,1,0,1,Urban
6512,14,1,1,1,1,0,Urban
6513,41,1,0,1,1,0,Suburban
6514,106,1,1,0,0,0,Urban
6515,74,1,0,0,1,1,Urban
6516,60,1,1,1,0,0,Urban
6517,42,1,1,1,1,0,Suburban
6518,122,1,1,1,1,1,Urban
6519,51,1,1,1,0,1,Suburban
6520,75,1,1,1,1,1,Suburban
6521,11,1,0,1,0,0,Urban
6522,35,1,0,1,0,1,Suburban
6523,19,1,0,1,1,0,Rural
6524,88,1,1,1,1,1,Urban
6525,118,0,0,0,0,0,Urban
6526,65,0,1,0,1,0,Rural
6527,76,1,1,1,0,1,Rural
6528,61,1,0,1,0,0,Rural
